Item number,Title,Variation details,Custom label (SKU),Available quantity,Format,Currency,Start price,Auction Buy It Now price,Reserve price,Current price,Sold quantity,Watchers,Bids,Start date,End date,eBay category 1 name,eBay category 1 number,eBay category 2 name,eBay category 2 number,Condition,CD:Professional Grader - (ID: 27501),CD:Grade - (ID: 27502),CDA:Certification Number - (ID: 27503),CD:Card Condition - (ID: 40001),eBay Product ID(ePID),Listing site,P:UPC,P:EAN,P:ISBN
"204459483964",VTG Hand Crocheted Stitch Sampler Afghan Blanket Throw 48x48 Multicolor,,,"1","FIXED_PRICE","USD",20.0,,,20.0,"0","2","","Sep-12-23 12:00:45 PDT","Jun-12-26 12:00:45 PDT","Afghans & Throw Blankets","20549","","","Pre-owned","","","","","","US","","",""
"204471448616",Eddie Bauer 1/4 zip Grey & Black Paisley athletic top. Size L,,,"1","FIXED_PRICE","USD",13.99,,,13.99,"0","1","0","Sep-21-23 10:37:53 PDT","Jun-21-26 10:37:53 PDT","Activewear Tops","185082","","","Pre-owned - Good","","","","","","US","","",""
"204483503224","1960s Vintage Satin Art Glass Pink Bird Vase Italy Norleans 11""",,Bin A,"1","FIXED_PRICE","USD",25.99,,,25.99,"0","2","","Oct-02-23 04:18:00 PDT","Jun-02-26 04:18:00 PDT","Vases","73507","","","Used","","","","","","US","","",""
"204494671218",Sonoma Orgalite Freer Dress Shoes Men’s Sz 8.5 Excellent Shape Worn Once,,,"1","FIXED_PRICE","USD",16.0,,,16.0,"0","0","","Oct-10-23 10:20:29 PDT","Jun-10-26 10:20:29 PDT","Dress Shoes","53120","","","Pre-owned - Good","","","","","","US","190103588038","",""
"204502202200",VTG 1993 Dinosaurs Coloring Activity Books Set Of 4 Unused,,,"1","FIXED_PRICE","USD",14.99,,,14.99,"0","2","","Oct-15-23 15:55:24 PDT","Jun-15-26 15:55:24 PDT","Craft Books","134568","","","Good","","","","","","US","","",""
"204503212049",Vintage New Old Stock Champion Western Shirt Men’s Size Medium 15-34 Plaid,,,"1","FIXED_PRICE","USD",35.0,,,35.0,"0","2","","Oct-16-23 09:57:30 PDT","Jun-16-26 09:57:30 PDT","Casual Shirts","175770","","","","","","","","","US","","",""
"204504358781",Star Wars Mens T-Shirt Coming To Your Galaxy Summer 1977 Size Medium,,,"1","FIXED_PRICE","USD",8.99,,,8.99,"0","1","","Oct-17-23 05:31:15 PDT","Jun-17-26 05:31:15 PDT","T-Shirts","15687","","","Pre-owned - Good","","","","","","US","Does not apply","",""
"204504393287",Tasso Elba Ultra Soft Suede Shoulders Crew Neck Light Sweatshirt Sz Men’sM,,,"1","FIXED_PRICE","USD",13.99,,,13.99,"0","0","","Oct-17-23 05:50:12 PDT","Jun-17-26 05:50:12 PDT","Sweaters","11484","","","Pre-owned - Good","","","","","","US","","",""
"204510198954",Levi’s Jeans Signature Gold Label Men Sz 32/30  Relaxed Fit,,,"1","FIXED_PRICE","USD",10.0,,,10.0,"0","2","","Oct-21-23 02:24:42 PDT","Jun-21-26 02:24:42 PDT","Jeans","11483","","","Pre-owned - Good","","","","","","US","Does not apply","",""
"204511560585",Little Rabbits Have Fur Educational Sticker Book 2006 Illustrated By Andre Boos,,Bin B,"1","FIXED_PRICE","USD",12.0,,,12.0,"0","0","","Oct-22-23 02:47:08 PDT","Jun-22-26 02:47:08 PDT","Books","261186","","","Very Good","","","","","","US","","",""
"204518312720",Corelle Dessert Lot Of 4  6.75 Inches,,,"1","FIXED_PRICE","USD",15.0,,,15.0,"0","0","","Oct-27-23 08:14:12 PDT","Jun-27-26 08:14:12 PDT","Plates","262379","","","Used","","","","","","US","Does Not Apply","",""
"204518930284",Star Wars R2DT Blue T-Shirt With Red Eye Sz Large,,,"1","FIXED_PRICE","USD",10.0,,,10.0,"0","0","","Oct-27-23 21:35:02 PDT","May-27-26 21:35:02 PDT","T-Shirts","15687","","","Pre-owned - Good","","","","","","US","","",""
"204520612907",Styson Silver Plated Wine Coasters Small Dish Made In Occupied Japan Set Of  7,,,"1","FIXED_PRICE","USD",19.99,,,19.99,"0","6","0","Oct-29-23 12:22:26 PDT","May-29-26 12:22:26 PDT","Other Decorative Collectibles","73467","","","Used","","","","","","US","","",""
"204520783737",Vtg Miniature Clear Glass Vases Set Of 3,,Bin A,"1","FIXED_PRICE","USD",18.0,,,18.0,"0","0","","Oct-29-23 16:17:51 PDT","May-29-26 16:17:51 PDT","Vases","101415","","","Used","","","","","","US","","",""
"204525875042",Vintage Anchor Hocking Orange Juice Carafe Pitcher,,,"1","FIXED_PRICE","USD",12.99,,,12.99,"0","0","0","Nov-02-23 13:33:47 PDT","Jun-02-26 13:33:47 PDT","Jugs & Pitchers","262376","","","Used","","","","","","US","","",""
"204547369870",Vtg Elephant Carved From Coal Figurine Red Eyes Handcrafted In U.S.A By VCP 1980,,,"1","FIXED_PRICE","USD",14.99,,,14.99,"0","0","","Nov-19-23 22:24:20 PST","Jun-19-26 22:24:20 PDT","Figurines","37867","","","Used","","","","","","US","","",""
"204547403964",Vtg Shrine of the Immaculate Conception Decorative Glass 4.75 x 3.75 Inches,,,"1","FIXED_PRICE","USD",14.0,,,14.0,"0","0","","Nov-19-23 23:13:41 PST","Jun-19-26 23:13:41 PDT","Plates & Plaques","35817","","","Used","","","","","","US","","",""
"204548316958",Vintage Floral Tapestry Clutch Purse Kiss Lock Leather Trim Excellent Condition,,,"1","FIXED_PRICE","USD",25.0,,,25.0,"0","2","","Nov-20-23 19:04:28 PST","Jun-20-26 19:04:28 PDT","Bags, Handbags & Cases","74962","","","","","","","","","US","","",""
"204550148138",Vtg A Stanley Home Product Aluminum Stamped Coasters Ashtrays Set Of 8,,,"1","FIXED_PRICE","USD",12.99,,,12.99,"0","0","","Nov-22-23 05:16:28 PST","Jun-22-26 05:16:28 PDT","Coasters","13907","","","","","","","","","US","","",""
"204550243685","WPC Signed Crown Silver Plated Oval Trivet  Set Of 2 Cornucopia Pattern 8"" x 6""",,,"1","FIXED_PRICE","USD",24.99,,,24.99,"0","1","","Nov-22-23 06:26:37 PST","Jun-22-26 06:26:37 PDT","Other Kitchen Tools & Gadgets","261699","","","","","","","","","US","","",""
"204563358342","NATIONAL GALLERY LONDON Tea Tin Gainsborough, Reynolds, Goya, Nattier 4.25""x3.5""",,,"1","FIXED_PRICE","USD",12.99,,,12.99,"0","0","","Dec-01-23 22:03:31 PST","Jun-01-26 22:03:31 PDT","Merchandise & Memorabilia","165221","","","","","","","","","US","","",""
"204583426466",Vtg Canadian Maple Leaf Aluminum Coasters Pin Trays Wine Coasters Set Of 8,,,"1","FIXED_PRICE","USD",19.99,,,19.99,"0","2","","Dec-16-23 23:11:30 PST","Jun-16-26 23:11:30 PDT","Coasters","13907","","","Used","","","","","","US","","",""
"204609831559",Vtg Collectible Decorative Mini Shoes Ballerina Victorian Edwardian Floral 3 in,,,"1","FIXED_PRICE","USD",14.99,,,14.99,"0","0","0","Jan-08-24 16:34:10 PST","Jun-08-26 16:34:10 PDT","Sculptures & Figurines","261628","","","Used","","","","","","US","","",""
"204614113024","Vtg Teddy Bear Fisherman  with Custom  Basket,  Metal Fish, And Doll Stand 13”",,,"1","FIXED_PRICE","USD",16.99,,,16.99,"0","1","0","Jan-12-24 01:05:55 PST","Jun-12-26 01:05:55 PDT","Bears","262345","","","Used","","","","","","US","","",""
"204622265817",Michael Kors Snow Leopard Print Denim Women’s Size 14,,,"1","FIXED_PRICE","USD",25.0,,,25.0,"0","2","","Jan-18-24 13:27:37 PST","Jun-18-26 13:27:37 PDT","Jeans","11554","","","New without tags","","","","","","US","","",""
"204624260130",Oshkosh Faux Fur Trapper Hat Size 8-12 Years Red And Black Checkered Flannel,,,"1","FIXED_PRICE","USD",9.99,,,9.99,"0","","","Jan-20-24 05:47:38 PST","Jun-20-26 05:47:38 PDT","Hats","57884","","","Pre-owned - Good","","","","","","US","","",""
"204643387282",Vintage Breyer Alabastor Colt 7 in x 7 in Detailed,,,"1","FIXED_PRICE","USD",12.0,,,12.0,"0","2","","Feb-04-24 20:16:45 PST","Jun-04-26 20:16:45 PDT","Other Breyer Model Horses","388","","","Used","","","","","","US","","",""
"204649929232",Vtg United Hatters Cap And Millinery Wool Fedora With Brass Buckle Size Medium,,,"1","FIXED_PRICE","USD",24.99,,,24.99,"0","","","Feb-10-24 08:12:35 PST","Jun-10-26 08:12:35 PDT","Men's Hats","163619","","","","","","","","","US","","",""
"204658489786",Aries Ram Astrology Paperweight With Cut Glass / Frosted Glass,,,"1","FIXED_PRICE","USD",24.99,,,24.99,"0","1","","Feb-17-24 00:06:59 PST","Jun-17-26 00:06:59 PDT","Paperweights","262399","","","New other (see details)","","","","","","US","","",""
"204659526456",Vtg Peek a Pals Titan Needlecraft Growth chart For Toddler Or Small Child 1987,,,"1","FIXED_PRICE","USD",14.5,,,14.5,"0","","","Feb-18-24 00:09:39 PST","Jun-18-26 00:09:39 PDT","Crewel Embroidery Kits","116610","","","New","","","","","","US","Does not apply","",""
"204660272668",MARY MAXIM CHRISTMAS PLASTIC NEEDLEPOINT ORNAMENT KIT Bell Squares 77424 NOS,,,"1","FIXED_PRICE","USD",15.0,,,15.0,"0","","","Feb-18-24 14:50:26 PST","Jun-18-26 14:50:26 PDT","Cross Stitch Kits","34017","","","New","","","","","","US","","",""
"204670882000",NIB Vtg Kamenstein Enamel Colander  Strainer Floral Brass Handles With Box,,,"1","FIXED_PRICE","USD",34.99,,,34.99,"0","0","0","Feb-27-24 03:06:13 PST","Jun-27-26 03:06:13 PDT","Colanders, Strainers & Sifters","11659","","","New","","","","","","US","","",""
"204687211107","Vintage Norman Rockwell  Cup Title Soda Fountain Post Cover August 22, 1953",,,"1","FIXED_PRICE","USD",14.99,,,14.99,"0","1","","Mar-09-24 17:05:19 PST","Jun-09-26 17:05:19 PDT","Mugs","261672","","","Used","","","","","","US","","",""
"204688150302",VTG 90’s CK Jeans T-shirt Single Stitch Vertical Logo Men’s XXL Rare Find,,,"1","FIXED_PRICE","USD",22.0,,,22.0,"0","2","","Mar-10-24 13:54:13 PDT","Jun-10-26 13:54:13 PDT","T-Shirts","175781","","","","","","","","","US","","",""
"204688698109",Greg Norman Khakis Mens 35x30 Beige Golf Casual Pleated Chino Trousers,,,"1","FIXED_PRICE","USD",14.0,,,14.0,"0","","","Mar-11-24 00:02:03 PDT","Jun-11-26 00:02:03 PDT","Pants","57989","","","Pre-owned - Good","","","","","","US","","",""
"204690335745",Home Interior Sonoma Villa Earthenware Cereal Bowl w/Embossed Fruit Raised 3D,,,"1","FIXED_PRICE","USD",18.0,,,18.0,"0","3","","Mar-11-24 20:39:22 PDT","Jun-11-26 20:39:22 PDT","Bowls","262366","","","Used","","","","","","US","","",""
"204691605291",CE Schmidt Workwear Blue Flannel Heavy Shirt Mens Large With Bricklayer Patch,,,"1","FIXED_PRICE","USD",22.0,,,22.0,"0","0","","Mar-12-24 15:21:26 PDT","Jun-12-26 15:21:26 PDT","Casual Button-Down Shirts","57990","","","Pre-owned - Good","","","","","","US","","",""
"204742361924",Gaming Legend Sandals Size 6 Slip On,,,"1","FIXED_PRICE","USD",17.99,,,17.99,"0","0","","Apr-13-24 17:55:54 PDT","Jun-13-26 17:55:54 PDT","Unisex Kids' Shoes","155202","","","New without box","","","","","","US","0605388046444","",""
"204753073486",Vintage Towncraft Multicolored Wool Tweed Blazer 48R,,,"1","FIXED_PRICE","USD",39.99,,,39.99,"0","","","Apr-19-24 20:14:54 PDT","Jun-19-26 20:14:54 PDT","Suits & Suit Separates","3001","","","Pre-owned - Good","","","","","","US","","",""
"204757675766",VTG Ceramic Mouse Figurine With Green Bow And Wild Eyebrows 5.5 Inches Tall Cute,,,"1","FIXED_PRICE","USD",14.0,,,14.0,"0","1","0","Apr-22-24 03:37:38 PDT","Jun-22-26 03:37:38 PDT","Sculptures & Figurines","261628","","","Used","","","","","","US","","",""
"204757779412",Miniature Glazed Ombré Stoneware Jugs With Handles,,Pottery,"1","FIXED_PRICE","USD",19.99,,,19.99,"0","","","Apr-22-24 04:41:03 PDT","Jun-22-26 04:41:03 PDT","Sculptures & Figurines","261628","","","Used","","","","","","US","","",""
"204767942520",pasabahce Set Of Six Clear Drinking Glasses Two Of Each Size His And Hers,,,"1","FIXED_PRICE","USD",29.99,,,29.99,"0","","","Apr-27-24 17:56:42 PDT","Jun-27-26 17:56:42 PDT","Glassware & Drinkware","20696","","","Used","","","","","","US","","",""
"204799759801",Vtg Pressed Dried Flower Sun catcher Iridescent Glass Pewter Frame 6”,,,"1","FIXED_PRICE","USD",13.0,,,13.0,"0","6","0","May-22-24 00:57:57 PDT","Jun-22-26 00:57:57 PDT","Suncatchers & Mobiles","20578","","","Used","","","","","","US","","",""
"204816652856",Vintage 1981 5.5 Inch Garfield Plush Sitting United Feature Syndicate Dakin,,,"1","FIXED_PRICE","USD",18.0,,,18.0,"0","6","0","Jun-04-24 00:57:31 PDT","Jun-04-26 00:57:31 PDT","Other Animation Merchandise","69528","","","Used","","","","","","US","","",""
"204825722544",Electric Barn Style Decorative Holiday Mason Jar Lantern With Fruit Wreath 13” H,,,"1","FIXED_PRICE","USD",30.0,,,30.0,"0","3","0","Jun-09-24 19:50:58 PDT","Jun-09-26 19:50:58 PDT","Lights","261638","","","Used","","","","","","US","","",""
"204825726704",VTG Hand Crocheted Afghan Throw Blanket Green Multicolor Stripe 55x45,,Bedding Bin 1,"1","FIXED_PRICE","USD",22.0,,,22.0,"0","2","0","Jun-09-24 19:52:56 PDT","Jun-09-26 19:52:56 PDT","Afghans & Throw Blankets","20549","","","Pre-owned","","","","","","US","","",""
"204825728650",Set Of 4 DETROIT TIGERS Plush Baseball Beanie Ballz,,Toy Bin 1,"1","FIXED_PRICE","USD",17.99,,,17.99,"0","1","0","Jun-09-24 19:53:43 PDT","Jun-09-26 19:53:43 PDT","Baseball-MLB","24410","","","Used","","","","","","US","","",""
"204825730243",Vtg Western Shirt Dan River Women’s Size 8 Pearl Snaps New Old Stock,,,"1","FIXED_PRICE","USD",25.0,,,25.0,"0","4","","Jun-09-24 19:54:22 PDT","Jun-09-26 19:54:22 PDT","Tops","175795","","","","","","","","","US","","",""
"204825744318",“The Crockery”  Sugar Jar / Jam Jar / Canister Artsy Quirky Colorful 6 Inches,,Ceramics and Porcelin,"1","FIXED_PRICE","USD",16.0,,,16.0,"0","2","","Jun-09-24 19:58:20 PDT","Jun-09-26 19:58:20 PDT","Canisters & Jars","261688","","","Used","","","","","","US","","",""
"204825762798",VTG 1945 Noritake Fine China Sugar Bowl With Lid Harmony Series EUC,,,"1","FIXED_PRICE","USD",25.0,,,25.0,"0","","","Jun-09-24 20:07:54 PDT","Jun-09-26 20:07:54 PDT","Cream & Sugar","63524","","","Used","","","","","","US","","",""
"204828863308",Men’s Floatable Wide Brim Sun Hat With Jacquard Trim  One Size NWT,,,"1","FIXED_PRICE","USD",15.0,,,15.0,"0","","","Jun-11-24 14:55:10 PDT","Jun-11-26 14:55:10 PDT","Hats","52365","","","New with tags","","","","","","US","","",""
"204856885219",VTG Set Of 5 Anchor Hocking Olive Green Double Old Fashioned Swirl Glasses,,,"1","FIXED_PRICE","USD",24.99,,,24.99,"0","","","Jun-27-24 05:29:20 PDT","Jun-27-26 05:29:20 PDT","Drinkware","262360","","","Used","","","","","","US","","",""
"204889137046",VTG Rustic Cast Iron cowboy boot Welcome Sign Plaque  Decor 8 In. X 7.5 in.,,,"1","FIXED_PRICE","USD",24.99,,,24.99,"0","1","","Jul-14-24 14:57:52 PDT","Jun-14-26 14:57:52 PDT","Décor","4013","","","Used","","","","","","US","","",""
"204904973003",VTG Set Of 4 Roman Gladiator Trojan Spartan Glass Coasters Ashtrays,,Glassware bin,"1","FIXED_PRICE","USD",20.0,,,20.0,"0","","","Jul-24-24 20:47:35 PDT","Jun-24-26 20:47:35 PDT","Coasters","13907","","","Used","","","","","","US","","",""
"204906733692",VTG Handmade Indian Bride Doll 10 Inches Tall On Base Beautiful,,,"1","FIXED_PRICE","USD",24.99,,,24.99,"0","0","","Jul-25-24 21:33:41 PDT","Jun-25-26 21:33:41 PDT","Indian","13737","","","Used","","","","","","US","","",""
"204909176179",Walt Disney World Sitting Dumbo with blue hat Pin,,,"1","FIXED_PRICE","USD",10.0,,,10.0,"0","","","Jul-27-24 16:01:45 PDT","Jun-27-26 16:01:45 PDT","Dumbo","55418","","","Used","","","","","","US","","",""
"204909499391",VTG Handmade Hand Painted Porcelain Cello Violin Trinket Box Unique And Old,,,"1","FIXED_PRICE","USD",14.0,,,14.0,"0","0","","Jul-27-24 21:50:11 PDT","May-27-26 21:50:11 PDT","Boxes, Jars & Tins","13837","","","Used","","","","","","US","","",""
"204919116381",Rare Bombay Company Arabesque Tea Cup Platinum Handle Flower Foot,,,"1","FIXED_PRICE","USD",20.0,,,20.0,"0","0","","Aug-02-24 11:44:34 PDT","Jun-02-26 11:44:34 PDT","Cup & Saucers","262372","","","Used","","","","","","US","","",""
"204919128678",VTG 1960’s Stoneware Professional Studio Pottery Egg Yolk Separator,,,"1","FIXED_PRICE","USD",20.0,,,20.0,"0","2","","Aug-02-24 12:03:45 PDT","Jun-02-26 12:03:45 PDT","Other Pottery & Glass","262365","","","Used","","","","","","US","","",""
"204919143504",Set Of Two Vintage Holt Howard Mini Jugs Creamers,,,"1","FIXED_PRICE","USD",20.0,,,20.0,"0","","","Aug-02-24 12:19:52 PDT","Jun-02-26 12:19:52 PDT","Creamers","262371","","","Used","","","","","","US","","",""
"204944345039","Mermaid Foil & Latex Balloons Yard Sign, 62in New Birthday No Helium Required",,,"7","FIXED_PRICE","USD",10.0,,,10.0,"0","0","","Aug-16-24 03:55:24 PDT","Jun-16-26 03:55:24 PDT","Balloons","26384","","","New","","","","","","US","","",""
"204944748042","Game On Controller Birthday Balloon Yard Sign Kit 62"" Air Filled Party",,Toy Bin,"9","FIXED_PRICE","USD",10.0,,,10.0,"0","","","Aug-16-24 08:27:38 PDT","Jun-16-26 08:27:38 PDT","Party Decorations","170103","","","New","","","","","","US","","",""
"204950201378",VTG Silver Plated Brass Posey Flower Holder Cone Made In India,,,"1","FIXED_PRICE","USD",14.99,,,14.99,"0","0","0","Aug-19-24 13:19:22 PDT","Jun-19-26 13:19:22 PDT","Other Wedding Supplies","3268","","","Used","","","","","","US","","",""
"204953584408",Set Of 2 Godinger Ceramic and Stainless Steel Ashtrays White and Gold 4.5 In,,Porcelain and Ceramics,"1","FIXED_PRICE","USD",22.0,,,22.0,"0","3","","Aug-21-24 09:05:46 PDT","Jun-21-26 09:05:46 PDT","Ashtrays","262385","","","New","","","","","","US","","",""
"204955140487",VTG Nick Jr. Blue's Big Musical Movie VHS & DVD Promo Button Pins Blues Clues,,,"1","FIXED_PRICE","USD",14.0,,,14.0,"0","2","","Aug-22-24 07:32:45 PDT","Jun-22-26 07:32:45 PDT","Badges, Pins & Buttons","61091","","","","","","","","","US","","",""
"204955142518",Vtg Ashtrays Lot Of 3 Unique And Stackable,,,"1","FIXED_PRICE","USD",12.75,,,12.75,"0","","","Aug-22-24 07:35:05 PDT","Jun-22-26 07:35:05 PDT","Ashtrays","594","","","Used","","","","","","US","","",""
"204955150694",Grey Silver Cloud Trench Coat With Thermolite Lining Men’s 42R Excellent,,,"1","FIXED_PRICE","USD",34.99,,,34.99,"0","2","","Aug-22-24 07:44:39 PDT","Jun-22-26 07:44:39 PDT","Coats, Jackets & Vests","57988","","","Pre-owned - Good","","","","","","US","Does not apply","",""
"204955154535",Harry Potter | Universal Studios | Pigmy Puff Plush With Tag 5”,,,"1","FIXED_PRICE","USD",10.99,,,10.99,"0","2","","Aug-22-24 07:48:18 PDT","Jun-22-26 07:48:18 PDT","Harry Potter","29798","","","Used","","","","","","US","","",""
"204955176825",NWT Cowboy Bebop Spike t shirt cotton Unisex Sz Small From Hot Topic,,,"1","FIXED_PRICE","USD",14.99,,,14.99,"0","","","Aug-22-24 08:04:19 PDT","Jun-22-26 08:04:19 PDT","Apparel","261048","","","New","","","","","","US","","",""
"204955181383",Charles & Diana The Prince & Princess Of Wales By Trevor Hall Hardcover,,,"1","FIXED_PRICE","USD",14.99,,,14.99,"0","3","","Aug-22-24 08:10:25 PDT","Jun-22-26 08:10:25 PDT","Books","261186","","","Very Good","","","","","","US","","",""
"204956954092",Retro 1970’s Modge Podge Wooden Owl Wall Plaques 7x5 Inches Set Of Two,,,"1","FIXED_PRICE","USD",22.0,,,22.0,"0","12","0","Aug-23-24 09:31:56 PDT","Jun-23-26 09:31:56 PDT","1970s","69855","","","Used","","","","","","US","","",""
"204956956091",Ford Lincoln Mercury 1982 Shop Manual car body chassis electrical,,,"1","FIXED_PRICE","USD",19.99,,,19.99,"0","1","","Aug-23-24 09:33:17 PDT","Jun-23-26 09:33:17 PDT","Service & Repair Manuals","183721","","","Used","","","","","","US","","",""
"204956959108",Vintage Artmark Salt and Pepper Shaker Black Bears With Tree Rare Find,,,"1","FIXED_PRICE","USD",15.0,,,15.0,"0","0","","Aug-23-24 09:35:05 PDT","Jun-23-26 09:35:05 PDT","Salt & Pepper Shakers","261697","","","Used","","","","","","US","","",""
"204956963332",VTG Canadian Maple Leaf Brass Egg Timer,,,"1","FIXED_PRICE","USD",14.99,,,14.99,"0","0","","Aug-23-24 09:40:33 PDT","Jun-23-26 09:40:33 PDT","Canada","165858","","","Used","","","","","","US","","",""
"204957686110",Vintage Titan Bunny Wall Hanging Needlecrafts Felt Fabric  Kit Sealed NOS,,,"1","FIXED_PRICE","USD",13.0,,,13.0,"0","3","","Aug-23-24 21:26:12 PDT","Jun-23-26 21:26:12 PDT","Other Hand Embroidery Kits","28142","","","New","","","","","","US","Does not apply","",""
"204957715923","VTG Sealed Bucilla ALL CREATURES Counted Cross Stitch Kit 10"" x 18""  Religious",,Arts and crafts,"1","FIXED_PRICE","USD",15.0,,,15.0,"0","","","Aug-23-24 21:39:26 PDT","Jun-23-26 21:39:26 PDT","Cross Stitch Kits","34017","","","New","","","","","","US","Does not apply","",""
"204960618472",Rouge Helium Red Thong Sandals With Rhinestones Women’s Size 8,,Women’s Shoe Rack,"1","FIXED_PRICE","USD",20.0,,,20.0,"0","0","0","Aug-25-24 19:44:54 PDT","Jun-25-26 19:44:54 PDT","Sandals","62107","","","New without box","","","","","","US","","",""
"204963765907",New Department 56 Pie In The Face Escape Snow Village Halloween Figurine,,Holiday Bin,"5","FIXED_PRICE","USD",8.99,,,8.99,"0","","","Aug-27-24 19:55:51 PDT","May-27-26 19:55:51 PDT","Villages & Houses","261646","","","New","","","","","","US","","",""
"204969870440",Prima Designs Boho Glass Serving Bowl Trinket Candy Dishes Set of 4,,,"1","FIXED_PRICE","USD",12.99,,,12.99,"0","4","0","Aug-31-24 19:19:38 PDT","May-31-26 19:19:38 PDT","Bowls","36028","","","New","","","","","","US","Does not apply","",""
"204991885410",Keesky Leather  Nubby Loafer Shoes Women’s Sz 10 (EUR 42 ),,,"1","FIXED_PRICE","USD",18.0,,,18.0,"0","3","0","Sep-13-24 21:17:57 PDT","Jun-13-26 21:17:57 PDT","Comfort Shoes","53548","","","Pre-owned - Good","","","","","","US","","",""
"204993625384","Abstract Metal Ram Skull Sculpture Brutalist Modern Folk Art Decor 17""",,,"1","FIXED_PRICE","USD",45.0,,,45.0,"0","13","0","Sep-14-24 20:31:42 PDT","Jun-14-26 20:31:42 PDT","Art Sculptures","553","","","Used","","","","","","US","","",""
"204993748689",Porcelain Japanese Kiyomasa Bell Gold Rim River Mountain Collectible,,,"1","FIXED_PRICE","USD",12.99,,,12.99,"0","1","","Sep-14-24 22:05:46 PDT","Jun-14-26 22:05:46 PDT","Bells","262388","","","Used","","","","","","US","","",""
"205004150889",VTG MCM ARITA Japan Rickshaw Tea Snack Plates Set Of 4,,Porcelain/Ceramics,"1","FIXED_PRICE","USD",27.99,,,27.99,"0","1","","Sep-20-24 19:52:32 PDT","Jun-20-26 19:52:32 PDT","Plates","262379","","","Used","","","","","","US","","",""
"205004161361",Antique USA Superior Silver Company Quadruple Silver Plated 4093 Sugar Bowl,,,"1","FIXED_PRICE","USD",20.0,,,20.0,"0","2","","Sep-20-24 20:00:55 PDT","Jun-20-26 20:00:55 PDT","Creamers & Sugar Bowls","163052","","","","","","","","","US","","",""
"205013057754",Joseph Siebel “Sienna 09” Black Leather Ankle Boots Women’s Sz U.S. 8-8.5 EU 39,,,"1","FIXED_PRICE","USD",38.0,,,38.0,"0","3","","Sep-25-24 23:26:17 PDT","Jun-25-26 23:26:17 PDT","Boots","53557","","","Pre-owned - Good","","","","","","US","","",""
"205024818489","Acacia Walnut Slate Cheeseboard Charcuterie Cutting Board 15.5"" x 11.5""",,,"1","FIXED_PRICE","USD",27.0,,,27.0,"0","1","0","Oct-02-24 15:12:02 PDT","Jun-02-26 15:12:02 PDT","Cutting Boards","46282","","","New","","","","","","US","","",""
"205024822668",VTG Lot Of 8 Federal Glass Mini Beer Mugs Snifter Shot glasses,,,"1","FIXED_PRICE","USD",15.0,,,15.0,"0","","","Oct-02-24 15:18:33 PDT","Jun-02-26 15:18:33 PDT","Shot Glasses","3273","","","Used","","","","","","US","","",""
"205024932820",NWOT Anne Klein Sheer Floral Blouse Women’s Size  Large Excellent Condition,,,"1","FIXED_PRICE","USD",20.0,,,20.0,"0","","","Oct-02-24 17:00:26 PDT","Jun-02-26 17:00:26 PDT","Tops","53159","","","New without tags","","","","","","US","","",""
"205024942408",VTG Stoneware 2 Coffee Cups And 4 Saucers 1991 Home Collection,,,"1","FIXED_PRICE","USD",18.0,,,18.0,"0","","","Oct-02-24 17:03:36 PDT","Jun-02-26 17:03:36 PDT","Cup & Saucers","262372","","","Used","","","","","","US","","",""
"205026772814",Gracie Knight Collection 2 Nesting Storage Boxes Metal Lids  Chicken Handles,,,"1","FIXED_PRICE","USD",29.99,,,29.99,"0","","","Oct-03-24 15:08:14 PDT","Jun-03-26 15:08:14 PDT","Boxes, Jars & Tins","13837","","","Used","","","","","","US","","",""
"205026782134",VTG Beach Shirt Unisex XL Green With Stripes 1990’s Baggy Flowing Comfortable,,Rack 1 Women’s,"1","FIXED_PRICE","USD",16.75,,,16.75,"0","","","Oct-03-24 15:19:46 PDT","Jun-03-26 15:19:46 PDT","Tops","175795","","","","","","","","","US","","",""
"205028163422",VTG Imperial Porcelain Mug By Paul Webb “Spring Trim” Excellent Condition,,,"1","FIXED_PRICE","USD",20.0,,,20.0,"0","0","","Oct-04-24 12:59:55 PDT","Jun-04-26 12:59:55 PDT","Mugs","261672","","","Used","","","","","","US","","",""
"205028257878","Joan Baker Stained Glass Sun Catcher Angel Plays Harp Hand Painted 9""x6.5""",,Glass Art,"1","FIXED_PRICE","USD",22.75,,,22.75,"0","0","","Oct-04-24 15:03:05 PDT","Jun-04-26 15:03:05 PDT","Suncatchers & Mobiles","20578","","","New","","","","","","US","","",""
"205033159585",2021 Terra Battat Polar Bear Family Resin Figurines Animals Toy NIB,,,"1","FIXED_PRICE","USD",22.0,,,22.0,"0","","","Oct-08-24 15:34:11 PDT","Jun-08-26 15:34:11 PDT","Animals & Nature","31744","","","New","","","","","","US","","",""
"205033160274",2019 Battat Terra Brown Bear Family Resin Figurines Animals Toy NIB,,,"1","FIXED_PRICE","USD",22.0,,,22.0,"0","","","Oct-08-24 15:35:20 PDT","Jun-08-26 15:35:20 PDT","Bears","29435","","","New","","","","","","US","","",""
"205039643268",VTG Porcelain Jester Clown 10 Inches Tall Rubber Limbs,,Collectibles bin,"1","FIXED_PRICE","USD",18.0,,,18.0,"0","5","","Oct-12-24 13:11:28 PDT","Jun-12-26 13:11:28 PDT","Sculptures & Figurines","261628","","","Used","","","","","","US","","",""
"205039652337",Funny Alpaca Coffee Mug ,,,"1","FIXED_PRICE","USD",11.28,,,11.28,"0","","","Oct-12-24 13:23:05 PDT","Jun-12-26 13:23:05 PDT","Mugs","20695","","","Used","","","","","","US","","",""
"205040162571",Vtg Christmas Green Candy Dish Tray With Peppermint Pattern 5.5 Inches,,,"1","FIXED_PRICE","USD",11.5,,,11.5,"0","","","Oct-12-24 19:19:49 PDT","Jun-12-26 19:19:49 PDT","Table Décor","52347","","","Used","","","","","","US","","",""
"205040163837",Columbia GRT Khaki Fishing Outdoor Photography Utility Hunting  Vest Adult Large,,,"1","FIXED_PRICE","USD",24.99,,,24.99,"0","1","","Oct-12-24 19:21:58 PDT","Jun-12-26 19:21:58 PDT","Coats, Jackets & Vests","65976","","","Pre-owned","","","","","","US","","",""
"205040164194",MCM Beach Decor Seagulls And Dock Pilings Metal Art Sculpture Statue,,,"1","FIXED_PRICE","USD",14.99,,,14.99,"0","0","0","Oct-12-24 19:22:45 PDT","Jun-12-26 19:22:45 PDT","Sculptures & Figurines","36025","","","Used","","","","","","US","Does not apply","",""
"205040165178",Pair Of 2 Muslin Stuffed Rabbit Rag Dolls Cottage Core  Folk Art Boy & Girl,,,"1","FIXED_PRICE","USD",32.75,,,32.75,"0","1","0","Oct-12-24 19:25:00 PDT","Jun-12-26 19:25:00 PDT","Dolls & Toys","83905","","","Used","","","","","","US","","",""
"205040622331",Skicks University Of Michigan Yellow Low Top Chucks Style Shoes Size Men’s 10 M,,Shoe rack 1,"1","FIXED_PRICE","USD",32.99,,,32.99,"0","3","","Oct-13-24 01:45:32 PDT","Jun-13-26 01:45:32 PDT","Athletic Shoes","15709","","","Pre-owned - Good","","","","","","US","","",""
"205041159730",Set Of Two Cordon Blue Chili Bowls With Red Hot  Chili Pepper Pattern,,,"1","FIXED_PRICE","USD",20.0,,,20.0,"0","","","Oct-13-24 08:09:51 PDT","Jun-13-26 08:09:51 PDT","Bowls","262366","","","Used","","","","","","US","","",""
"205042482609",VTG Leonard Silver Plated Train Engine Locomotive Cast Coin Bank Italy,,,"1","FIXED_PRICE","USD",20.0,,,20.0,"0","1","","Oct-13-24 23:29:49 PDT","Jun-13-26 23:29:49 PDT","Vehicles","35742","","","","","","","","","US","","",""
"205047235078",Pfaltzgraff Naturewood Stoneware Vegetable Serving Bowl Oven And Microwave Safe,,Kitchenware,"1","FIXED_PRICE","USD",20.0,,,20.0,"0","1","","Oct-16-24 14:52:36 PDT","Jun-16-26 14:52:36 PDT","Bowls","36028","","","Used","","","","","","US","","",""
"205048238649","VTG  Caramel Glass Swan Dish For Candy, Soap, Trinkets Excellent Condition",,,"1","FIXED_PRICE","USD",22.0,,,22.0,"0","0","","Oct-17-24 03:02:50 PDT","Jun-17-26 03:02:50 PDT","Dishes","262374","","","Used","","","","","","US","","",""
"205048240086",Miracle Body Straight Slim Tomato Red  Slimming Denim Jeans With Spandex Sz 10,,,"1","FIXED_PRICE","USD",16.75,,,16.75,"0","1","0","Oct-17-24 03:03:42 PDT","Jun-17-26 03:03:42 PDT","Pants","63863","","","Pre-owned - Good","","","","","","US","","",""
"205057153266",MCM VTG Glass Bowls Gold Rims 6.5 In. Diameter Set Of 4,,Kitchenware,"1","FIXED_PRICE","USD",29.99,,,29.99,"0","2","0","Oct-22-24 06:21:15 PDT","Jun-22-26 06:21:15 PDT","Bowls","262366","","","Used","","","","","","US","","",""
"205065306787",VTG NOS Monarch Horizons White Cats Candlewicking Kit Janlynn Sealed CR152,,,"1","FIXED_PRICE","USD",34.25,,,34.25,"0","2","0","Oct-26-24 15:58:07 PDT","Jun-26-26 15:58:07 PDT","Cross Stitch Kits","34017","","","New","","","","","","US","0049487041526","",""
"205066904112",VTG NOS Dana Buchman Soft Wool Alabaster Sweater Sweatshirt XL $168 Retail,,,"1","FIXED_PRICE","USD",65.0,,,65.0,"0","1","0","Oct-27-24 09:25:06 PDT","Jun-27-26 09:25:06 PDT","Sweaters","63866","","","New with tags","","","","","","US","0716456640881","",""
"205067204031",Haitian Hand Painted Hand Carved Wooden Tray 11.25 X 7.25 X 2 In. Beautiful,,,"1","FIXED_PRICE","USD",20.0,,,20.0,"0","","","Oct-27-24 12:51:40 PDT","Jun-27-26 12:51:40 PDT","Wood Items","108866","","","Used","","","","","","US","","",""
"205067210083",Vtg Cookie Cutters Lot Of 12,,,"1","FIXED_PRICE","USD",12.0,,,12.0,"0","","","Oct-27-24 12:53:56 PDT","Jun-27-26 12:53:56 PDT","Cookie Cutters","261658","","","Used","","","","","","US","","",""
"205067866080",Red Stainless Steel 12oz Wine Tumbler Insulated Travel Mug Lid Dog Lover Gift,,,"1","FIXED_PRICE","USD",13.0,,,13.0,"0","0","","Oct-27-24 20:12:06 PDT","May-27-26 20:12:06 PDT","Glassware & Drinkware","20696","","","New","","","","","","US","Does not apply","",""
"205071048499",Vtg NWT Ravel Acorn Shirt Women’s Sz XL Front Zip Up Dark Camel $99 Retail,,,"1","FIXED_PRICE","USD",40.0,,,40.0,"0","","","Oct-29-24 09:12:55 PDT","May-29-26 09:12:55 PDT","Tops","53159","","","New with tags","","","","","","US","","",""
"205073378289",VTG Japanese Tea Or Sake Cups Brown With Gold Trim Bamboo Design Set Of 4,,,"1","FIXED_PRICE","USD",18.99,,,18.99,"0","","","Oct-30-24 12:27:28 PDT","May-30-26 12:27:28 PDT","Teapots & Tea Sets","29455","","","Used","","","","","","US","","",""
"205075706254",Pomme Pidou Red Cyril Bear Ceramic Piggy Bank With Floral Print,,,"1","FIXED_PRICE","USD",16.0,,,16.0,"0","4","0","Oct-31-24 18:51:14 PDT","May-31-26 18:51:14 PDT","Bears","35738","","","Used","","","","","","US","","",""
"205082296472",Midcentury Violet Luster Wine Flutes Set Of Five Excellent Condition Rare Find,,,"1","FIXED_PRICE","USD",33.0,,,33.0,"0","6","0","Nov-03-24 15:11:45 PST","Jun-03-26 15:11:45 PDT","Drinkware","262360","","","New other (see details)","","","","","","US","","",""
"205082603856",VTG HTF The Fox Collection Sweater L 42-44 100% Cotton Pastel Block Pattern USA,,Men’s vintage,"1","FIXED_PRICE","USD",45.0,,,45.0,"0","2","","Nov-03-24 17:45:29 PST","Jun-03-26 17:45:29 PDT","Other Men's Vintage Clothing","48861","","","","","","","","","US","","",""
"205082605231",VTG  Mid Century Santiq Large Oak Ice Bucket Barrel Brass Straps Carry Handle,,,"1","FIXED_PRICE","USD",75.0,,,75.0,"0","4","0","Nov-03-24 17:47:50 PST","Jun-03-26 17:47:50 PDT","Ice Buckets & Coolers","10902","","","Used","","","","","","US","","",""
"205095135999",Disney’s Frozen Mini Princess Anna Poseable Doll Action Figure Toy Jakks NIB,,Toy Bin,"1","FIXED_PRICE","USD",12.25,,,12.25,"0","0","","Nov-09-24 12:59:40 PST","Jun-09-26 12:59:40 PDT","Action Figures","261068","","","New","","","","","","US","192995204812","",""
"205095177615",VTG Milk Glass Yellow Rose Floral Ceiling Light Shade Blue Accents 3.75in,,Lighting,"1","FIXED_PRICE","USD",25.0,,,25.0,"0","1","0","Nov-09-24 13:45:25 PST","Jun-09-26 13:45:25 PDT","Lamp Shades","1408","","","Used","","","","","","US","Does not apply","",""
"205106767153",VTG Periwinkle Blue Genuine Leather Mid Top Trainers Mens Size 8 HTF,,,"1","FIXED_PRICE","USD",35.0,,,35.0,"0","1","","Nov-15-24 11:43:41 PST","Jun-15-26 11:43:41 PDT","Athletic Shoes","15709","","","Pre-owned - Good","","","","","","US","","",""
"205109582554",Pfaltzgraff Bee Design Large Coffee Mugs Set of 2 Courtney Davis Excellent,,,"1","FIXED_PRICE","USD",23.0,,,23.0,"0","0","","Nov-16-24 19:18:03 PST","Jun-16-26 19:18:03 PDT","Mugs","261672","","","Used","","","","","","US","","",""
"205112395536",Gucci Cashmere Houndstooth Jacket Mens 40R Rare HTF,,Men’s Jackets and Blazers,"1","FIXED_PRICE","USD",349.99,,,349.99,"0","18","0","Nov-17-24 23:45:59 PST","Jun-17-26 23:45:59 PDT","Suits & Suit Separates","3001","","","Pre-owned - Good","","","","","","US","","",""
"205118791125",VTG The Art Of Chokin 5” Vase 24K Gold Edge Woman And Mountain With Box,,,"1","FIXED_PRICE","USD",20.0,,,20.0,"0","","","Nov-20-24 23:21:51 PST","Jun-20-26 23:21:51 PDT","Vases & Jars","35794","","","","","","","","","US","","",""
"205121073191",NWOT Coldwater Creek Genuine Leather Pants Womens 16p Western Rodeo Retail $115,,,"1","FIXED_PRICE","USD",50.0,,,50.0,"0","3","0","Nov-22-24 01:33:27 PST","Jun-22-26 01:33:27 PDT","Pants","63863","","","New without tags","","","","","","US","","",""
"205122588542",VTG Japanese Noh Actor Art Silk Gold Pine Motif Black Frame 9.75”x7.75” HTF,,Rare Art Shelf 1,"1","FIXED_PRICE","USD",110.0,,,110.0,"0","","","Nov-22-24 18:37:23 PST","Jun-22-26 18:37:23 PDT","Mixed Media Art & Collage Art","554","","","Used","","","","","","US","","",""
"205130606650",Banana Republic Luxury Touch Polo Shirt Mens Large Teal Feather Short Sleeve,,,"1","FIXED_PRICE","USD",19.99,,,19.99,"0","1","0","Nov-27-24 01:01:47 PST","Jun-27-26 01:01:47 PDT","Polos","185101","","","Pre-owned - Good","","","","","","US","","",""
"205131476876",VTG  O'Shea's Casino Snapback Painters Cap Get Lucky Flamingo Hilton Las Vegas,,,"1","FIXED_PRICE","USD",15.0,,,15.0,"0","","","Nov-27-24 15:29:36 PST","Jun-27-26 15:29:36 PDT","Other Casino Memorabilia","66535","","","Used","","","","","","US","","",""
"205131963794",Ralph Lauren Feather Weight Twill Long Sleeve Button Shirt Mens Sz XXL  Blue,,Men’s clothing rack,"1","FIXED_PRICE","USD",26.0,,,26.0,"0","1","","Nov-27-24 23:25:18 PST","May-27-26 23:25:18 PDT","Casual Button-Down Shirts","57990","","","Pre-owned - Good","","","","","","US","","",""
"205137679983",DSquared Tie Dyed Tee By Romwe Mens M 38 Soft EUC,,,"1","FIXED_PRICE","USD",30.0,,,30.0,"0","6","0","Nov-30-24 14:02:39 PST","May-30-26 14:02:39 PDT","T-Shirts","15687","","","Pre-owned - Good","","","","","","US","","",""
"205150758482",NWT Enjoy Life Wood Metal Plaque Sweet Bird Co. Large 32” X 8” Cottagecore,,,"1","FIXED_PRICE","USD",32.99,,,32.99,"0","1","0","Dec-07-24 01:33:27 PST","Jun-07-26 01:33:27 PDT","Plaques & Signs","31587","","","New","","","","","","US","","",""
"205155693503",Vintage 7 Eight Lucca Espadrille Flats Womens U.S. 7.5 M Lace Up Beige,,Women’s shoe rack,"1","FIXED_PRICE","USD",25.0,,,25.0,"0","1","","Dec-09-24 18:38:47 PST","Jun-09-26 18:38:47 PDT","Flats","45333","","","Pre-owned - Good","","","","","","US","","",""
"205160038812",Giftco Metal Tray Purple Hummingbird round serving 13.5”,,,"1","FIXED_PRICE","USD",20.0,,,20.0,"0","1","0","Dec-11-24 23:20:55 PST","Jun-11-26 23:20:55 PDT","Trays","68671","","","","","","","","","US","","",""
"205167832577",VTG Noritake Gravy Boat Harmony Pattern Fine China  EUC,,,"1","FIXED_PRICE","USD",25.0,,,25.0,"0","0","0","Dec-16-24 02:18:46 PST","Jun-16-26 02:18:46 PDT","Gravy Boats","262377","","","","","","","","","US","Does not apply","",""
"205174862438",NWOT Marc Ecko Mens Jacket Blazer Sz 40 Club Blue Streetwear Style $195 Retail,,,"1","FIXED_PRICE","USD",65.0,,,65.0,"0","1","0","Dec-19-24 21:22:03 PST","Jun-19-26 21:22:03 PDT","Suits & Suit Separates","3001","","","New without tags","","","","","","US","","",""
"205175258348",VTG Georges Briard Reptile Skin Ice Bucket W/ Carry Handle & Brass Lid  Top HTF,,,"1","FIXED_PRICE","USD",50.0,,,50.0,"0","2","","Dec-20-24 01:56:29 PST","Jun-20-26 01:56:29 PDT","1960s","69854","","","Used","","","","","","US","","",""
"205176805681",Set Of 2 Godinger Ceramic and S.S. Ashtrays Black and White 4.5 In NIB,,Porcelain and Ceramics,"1","FIXED_PRICE","USD",19.5,,,19.5,"0","","","Dec-20-24 20:58:18 PST","Jun-20-26 20:58:18 PDT","Ashtrays","262385","","","New","","","","","","US","","",""
"205188391840",NIB Sonic The Hedgehog Tornado Biplane With Action Figure Jakks Pacific,,,"2","FIXED_PRICE","USD",70.0,,,70.0,"0","1","","Dec-26-24 21:01:44 PST","Jun-26-26 21:01:44 PDT","Action Figures Playsets","261069","","","New","","","","","","US","192995423282","",""
"205188429515",The Super Mario Bros Movie Kamek Figure Nintendo Jakks Pacific Toy Brand New,,,"3","FIXED_PRICE","USD",10.23,,,10.23,"0","3","0","Dec-26-24 21:40:10 PST","Jun-26-26 21:40:10 PDT","Action Figures","261068","","","New","","","","","","US","","",""
"205237879315",Fairfield Stoneware Grape Valley Soup/Cereal Bowls Set of 8,,Kitchenware,"1","FIXED_PRICE","USD",40.0,,,40.0,"0","0","","Jan-21-25 20:30:22 PST","Jun-21-26 20:30:22 PDT","Bowls","262366","","","Used","","","","","","US","","",""
"205254408139",INC International Concepts Womens size 10 Skinny Leg White Denim,,,"1","FIXED_PRICE","USD",12.0,,,12.0,"0","1","0","Jan-29-25 11:28:03 PST","May-29-26 11:28:03 PDT","Pants","63863","","","Pre-owned - Good","","","","","","US","","",""
"205260611557",VTG Handmade Heavy Poncho Grey Unisex Large BOHO EUC,,,"1","FIXED_PRICE","USD",160.0,,,160.0,"0","0","","Feb-01-25 14:24:44 PST","Jun-01-26 14:24:44 PDT","Coats, Jackets & Vests","175783","","","","","","","","","US","","",""
"205275579513",Friends Central Perk Decorative Confetti Tumbler Display Collectible,,Pop culture,"1","FIXED_PRICE","USD",30.0,,,30.0,"0","","","Feb-08-25 07:10:28 PST","Jun-08-26 07:10:28 PDT","Other Television Memorabilia","201","","","","","","","","","US","","",""
"205292223351",Set of 4 Noritake Painted Desert Stoneware Dinner Plates 8603 10.25 Inches,,Vintage Dishes,"1","FIXED_PRICE","USD",45.0,,,45.0,"0","0","0","Feb-14-25 21:10:12 PST","Jun-14-26 21:10:12 PDT","Plates","262379","","","Used","","","","","","US","","",""
"205297424725",VTG D.T.C. Three Horses Wall Hanging Tapestry Rare HTF,,,"1","FIXED_PRICE","USD",50.0,,,50.0,"0","6","0","Feb-17-25 00:17:44 PST","Jun-17-26 00:17:44 PDT","Tapestries","38237","","","Used","","","","","","US","","",""
"205316140130",VTG 1979 North American Bear Co 20” Red Teddy Bear + 80s Carters CHAMP Romper,,Toys and games,"1","FIXED_PRICE","USD",50.0,,,50.0,"0","0","0","Feb-25-25 14:47:59 PST","Jun-25-26 14:47:59 PDT","Bears","262345","","","Used","","","","","","US","","",""
"205324799606",Men’s EcoThreads Short Sleeve Button-Up Shirt – M – Black White Abstract Camo,,Men’s clothing rack,"1","FIXED_PRICE","USD",25.0,,,25.0,"0","","","Mar-01-25 00:18:59 PST","Jun-01-26 00:18:59 PDT","Casual Button-Down Shirts","57990","","","Pre-owned - Excellent","","","","","","US","","",""
"205329152265",Artland Amber Bubble Goblet Blown Glass Excellent,,,"1","FIXED_PRICE","USD",14.0,,,14.0,"0","1","","Mar-02-25 18:22:43 PST","Jun-02-26 18:22:43 PDT","Other Glassware & Drinkware","261685","","","Used","","","","","","US","","",""
"205329834679",VTG Hand Painted African Wooden Jar Bottle With Lid,,Folk art,"1","FIXED_PRICE","USD",35.0,,,35.0,"0","1","","Mar-03-25 01:47:47 PST","Jun-03-26 01:47:47 PDT","Other African Collectibles","4190","","","Used","","","","","","US","","",""
"205329877067","NOS World Market Mix & Match Wooden Wall Plaques 8"" Set Of 2 Rare HTF",,Wood Decor,"1","FIXED_PRICE","USD",32.99,,,32.99,"0","1","0","Mar-03-25 02:23:00 PST","Jun-03-26 02:23:00 PDT","Plaques & Signs","31587","","","New","","","","","","US","","",""
"205334454910",VTG Olfaire Majolica Leaf Earthenware Plates Green Yellow Glaze 10” Set Of 2,,Pottery Dishes,"1","FIXED_PRICE","USD",45.0,,,45.0,"0","3","","Mar-05-25 04:51:37 PST","Jun-05-26 04:51:37 PDT","Plates","262379","","","Used","","","","","","US","","",""
"205341727429",VTG Riddell Toledo Rockets Traditional Pocket Pro Mini Helmet Black NCAA,,,"1","FIXED_PRICE","USD",17.0,,,17.0,"0","1","0","Mar-08-25 23:47:02 PST","Jun-08-26 23:47:02 PDT","Football-NFL","206","","","Used","","","","","","US","","",""
"205343371530",NWT Sun + Stone Tie-Dye Linen Blend Button-Up Shirt Men’s M Short Sleeve Boho,,,"1","FIXED_PRICE","USD",27.0,,,27.0,"0","3","0","Mar-09-25 20:21:11 PDT","Jun-09-26 20:21:11 PDT","Casual Button-Down Shirts","57990","","","New with tags","","","","","","US","7 66360 05697 1","",""
"205365349897",NWT Faded Glory Multi-Color Cork Wedge Heels Sandals Womens Size 8 Open Toe,,,"1","FIXED_PRICE","USD",30.0,,,30.0,"0","0","","Mar-19-25 22:31:24 PDT","Jun-19-26 22:31:24 PDT","Heels","55793","","","New without box","","","","","","US","605388057150","",""
"205365708296",VTG Winnie The Pooh Nightgown Disney Catalogue 100% Cotton All Over Pattern,,,"1","FIXED_PRICE","USD",35.0,,,35.0,"0","5","0","Mar-20-25 02:58:07 PDT","Jun-20-26 02:58:07 PDT","Sleepwear & Robes","63855","","","Pre-owned - Excellent","","","","","","US","","",""
"205367658256",VTG Southwest Native American Geometric  Art Stoneware Dinner Plates 10.5” Rare,,Stoneware,"1","FIXED_PRICE","USD",40.0,,,40.0,"0","4","0","Mar-20-25 22:29:53 PDT","Jun-20-26 22:29:53 PDT","Plates","262379","","","Used","","","","","","US","","",""
"205373142502",NWOT Illinois Tech Track & Field Gray ADIDAS Crewneck Sweatshirt Mens M Pullover,,Men’s Athletic Apparel,"1","FIXED_PRICE","USD",35.0,,,35.0,"0","2","0","Mar-23-25 11:38:18 PDT","Jun-23-26 11:38:18 PDT","Hoodies & Sweatshirts","155183","","","New without tags","","","","","","US","Does not apply","",""
"205376549489",VTG Knickerbocker Animals of Distinction Turtle Tortoise Wind Up Plush 1968,,VTG toys,"1","FIXED_PRICE","USD",40.0,,,40.0,"0","2","","Mar-25-25 01:18:06 PDT","Jun-25-26 01:18:06 PDT","Vintage","165956","","","Used","","","","","","US","","",""
"205431658275",VTG Cellinni Collezione Sweatshirt  Black And Grey Stripes 3D Texture Men Sz L,,,"1","FIXED_PRICE","USD",16.0,,,16.0,"0","","","Apr-18-25 03:22:49 PDT","Jun-18-26 03:22:49 PDT","Sweaters","11484","","","Pre-owned - Good","","","","","","US","","",""
"205431665624",Set Of 2 VTG 10x8 Raised Relief Apples & Bees Heavy Rustic Wall Plaques,,Wall art,"1","FIXED_PRICE","USD",35.0,,,35.0,"0","4","0","Apr-18-25 03:27:08 PDT","Jun-18-26 03:27:08 PDT","Plaques & Signs","31587","","","Used","","","","","","US","","",""
"205431669759",VTG Pre Columbian Gold Toned Deity Museo Del Oro Replica Behind Epoxy Resin 5”,,Historical Art,"1","FIXED_PRICE","USD",50.0,,,50.0,"0","4","","Apr-18-25 03:29:45 PDT","Jun-18-26 03:29:45 PDT","Other Latin Am. Collectibles","4005","","","Used","","","","","","US","","",""
"205442880142",Pair Of Color Me Plush I Love Camping Bears Arts And Crafts,,Stuffed Animals,"1","FIXED_PRICE","USD",25.0,,,25.0,"0","","","Apr-23-25 10:20:21 PDT","Jun-23-26 10:20:21 PDT","Bears","262345","","","Used","","","","","","US","","",""
"205457136444",VTG Bronze Recumbent Great Dane Dog Statue Figurine 8” x 5” Patina,,,"1","FIXED_PRICE","USD",205.0,,,205.0,"0","1","0","Apr-30-25 09:52:02 PDT","May-30-26 09:52:02 PDT","Great Dane","11634","","","Used","","","","","","US","","",""
"205462253776",Falls Creek Laura Brown Women’s Size 11M  Side Zip Block Heel NWOB,,Women’s shoes,"1","FIXED_PRICE","USD",20.0,,,20.0,"0","","","May-02-25 22:02:57 PDT","Jun-02-26 22:02:57 PDT","Boots","53557","","","New without box","","","","","","US","","",""
"205463953836",VTG 1940s Elephant Plush Toy Gray Cream Mohair Style Mid Century 9.75” EUC,,Vintage Toys,"1","FIXED_PRICE","USD",70.0,,,70.0,"0","6","0","May-03-25 18:50:24 PDT","Jun-03-26 18:50:24 PDT","Vintage","165956","","","Used","","","","","","US","","",""
"205469819318",Vintage Noritake Pink Carnation (Mystery #1) Coupe Soup Bowl Set – Late 1940s,,,"1","FIXED_PRICE","USD",100.0,,,100.0,"0","0","","May-06-25 12:00:50 PDT","Jun-06-26 12:00:50 PDT","Bowls","262366","","","New other (see details)","","","","","","US","","",""
"205470230237",VTG Sesame Place I Made a Splash Elmo Red Resin Picture Frame Holds 4x6 Photo,,,"2","FIXED_PRICE","USD",20.0,,,20.0,"0","3","0","May-06-25 17:03:16 PDT","Jun-06-26 17:03:16 PDT","Other Animation Merchandise","69528","","","New","","","","","","US","","",""
"205475450682",VTG 1950s Bachelor’s Friend Guaranteed Sox 3 Pairs w/ Box & Warranty Size 12,,VTG advertising,"1","FIXED_PRICE","USD",90.0,,,90.0,"0","1","","May-08-25 23:59:33 PDT","Jun-08-26 23:59:33 PDT","Socks","182045","","","New","","","","","","US","","",""
"205477353995",Ash City Youth XL 12–14 Dress Shirt White Long Sleeve Oxford ,,,"1","FIXED_PRICE","USD",19.99,,,19.99,"0","","","May-09-25 22:55:46 PDT","Jun-09-26 22:55:46 PDT","Tops, Shirts & T-Shirts","260966","","","New with tags","","","","","","US","","",""
"205477374429",Vintage Art Deco Style Geometric Pendant Necklace Glass Stones Gold Tone,,Women’s jewelry,"1","FIXED_PRICE","USD",30.0,,,30.0,"0","3","0","May-09-25 23:16:16 PDT","Jun-09-26 23:16:16 PDT","Necklaces & Pendants","262013","","","Pre-owned - Good","","","","","","US","Does not apply","",""
"205481394222",Donauturm Tower Vienna Austria 3D Laser Crystal Souvenir Paperweight,,Culture,"1","FIXED_PRICE","USD",16.0,,,16.0,"0","","","May-11-25 22:57:49 PDT","Jun-11-26 22:57:49 PDT","Paperweights","261625","","","Used","","","","","","US","","",""
"205485292566",MSU Spartans Green 1/4 Zip Pullover Hoodie Colosseum Athletics Men’s L,,Sports,"1","FIXED_PRICE","USD",20.0,,,20.0,"0","0","","May-13-25 20:55:04 PDT","Jun-13-26 20:55:04 PDT","College-NCAA","24541","","","Used","","","","","","US","","",""
"205502571317",VTG Ballerina Metal Folk Art Sculpture – Bill & Marcia Finks Wall Hanging Signed,,Folk art,"1","FIXED_PRICE","USD",120.0,,,120.0,"0","5","0","May-22-25 00:56:04 PDT","Jun-22-26 00:56:04 PDT","Art Sculptures","553","","","Used","","","","","","US","","",""
"205503005963",Handmade Crochet Fox Plush 14 Inches Tall Soft Amigurumi Animal Toy,,Toys,"1","FIXED_PRICE","USD",18.0,,,18.0,"0","1","","May-22-25 05:48:36 PDT","Jun-22-26 05:48:36 PDT","Handmade","165957","","","Used","","","","","","US","","",""
"205504432390",VTG Framed Needlepoint Fisherman And Dog Silhouette Folk Art 9X7 in,,Folk art,"1","FIXED_PRICE","USD",34.99,,,34.99,"0","1","","May-22-25 22:28:54 PDT","Jun-22-26 22:28:54 PDT","Finished Needlepoint Pieces","83946","","","Used","","","","","","US","","",""
"205506156670",VTG Japanese Satsuma Style Porcelain Egg Hand Painted Warrior Motif With Stand,,,"1","FIXED_PRICE","USD",15.0,,,15.0,"0","","","May-23-25 17:33:41 PDT","Jun-23-26 17:33:41 PDT","Figures & Statues","165470","","","Used","","","","","","US","","",""
"205509858346",NWT NOS Maurizio Taiuti Genuine Leather Floral Wristlet Clutch Made in Italy,,"Purses, bags, pouches","1","FIXED_PRICE","USD",75.0,,,75.0,"0","8","0","May-25-25 08:40:34 PDT","Jun-25-26 08:40:34 PDT","Women's Bags & Handbags","169291","","","New with tags","","","","","","US","","",""
"205526185027",VTG Etched Glass Comedy Tragedy Masks Tray Paperweight Theater Decor,,Decorative collectibles,"1","FIXED_PRICE","USD",30.0,,,30.0,"0","1","","May-31-25 23:11:03 PDT","May-31-26 23:11:03 PDT","Paperweights","261625","","","Used","","","","","","US","","",""
"205526447599",VTG Cobalt Blue Glass Bead Napkin Rings Set of 9 Wrapped Wire Made in India NOS,,Kitchenware,"1","FIXED_PRICE","USD",35.0,,,35.0,"0","0","0","Jun-01-25 01:35:41 PDT","Jun-01-26 01:35:41 PDT","Napkin Rings & Holders","20658","","","New with tags","","","","","","US","","",""
"205528193430",Set of 3 Round Cooling Plates Trivets Swirl Design 8”,,,"1","FIXED_PRICE","USD",23.0,,,23.0,"0","0","","Jun-01-25 17:15:49 PDT","Jun-01-26 17:15:49 PDT","Trivets","151724","","","New other (see details)","","","","","","US","","",""
"205528208312",GAP Premium Multicolor Twill Plaid Flannel Shirt Mens M Fall 2013 Collection EUC,,Men’s clothing rack,"1","FIXED_PRICE","USD",25.0,,,25.0,"0","1","","Jun-01-25 17:20:40 PDT","Jun-01-26 17:20:40 PDT","Casual Button-Down Shirts","57990","","","Pre-owned - Excellent","","","","","","US","","",""
"205528210896",Banana Republic Beige Cotton Sport Coat Size 42R Tailored For Smaller Frame 35R,,,"1","FIXED_PRICE","USD",38.0,,,38.0,"0","","","Jun-01-25 17:21:30 PDT","Jun-01-26 17:21:30 PDT","Coats, Jackets & Vests","57988","","","Pre-owned - Good","","","","","","US","","",""
"205528213036",VTG Napa Home & Garden Black 10.5 Inch Tower Vase Lava Stoneware Disc’d Rare,,Home and garden,"1","FIXED_PRICE","USD",55.0,,,55.0,"0","0","0","Jun-01-25 17:22:53 PDT","Jun-01-26 17:22:53 PDT","Vases","262408","","","Used","","","","","","US","","",""
"205542539333","Gap Chino Shorts Size 33 Mens Pink Pockets 10"" Inseam Flant Front Cotton Stretch",,,"1","FIXED_PRICE","USD",22.0,,,22.0,"0","0","","Jun-07-25 08:35:16 PDT","Jun-07-26 08:35:16 PDT","Shorts","15689","","","New with tags","","","","","","US","Does not apply","",""
"205548973496",Mossy Oak Wildlife Plate Set 4pc Moose Duck Elk 3 Dinner 1 Salad,,Stoneware and Ceramics,"1","FIXED_PRICE","USD",35.0,,,35.0,"0","2","0","Jun-09-25 20:46:23 PDT","Jun-09-26 20:46:23 PDT","Plates","36030","","","Used","","","","","","US","","",""
"205549946979",Cordon Bleu Aura Coupe Salad Plates Slate Black Color Lot Of 3,,,"1","FIXED_PRICE","USD",15.0,,,15.0,"0","","","Jun-10-25 05:10:51 PDT","Jun-10-26 05:10:51 PDT","Plates","36030","","","Used","","","","","","US","Does not apply","",""
"205607211423",Woodside Ireland Family Crest Plaque HRC Framed Name History 28x16 Embroidered,,Culture and family,"1","FIXED_PRICE","USD",75.0,,,75.0,"0","0","","Jul-09-25 15:06:44 PDT","Jun-09-26 15:06:44 PDT","Coat of Arms","116098","","","Used","","","","","","US","","",""
"205616063473",VTG Vigeland Sculpture Park PostCards Lot Of Seven Weird Bizarre Macabre,,Souvenir bin,"1","FIXED_PRICE","USD",20.0,,,20.0,"0","","","Jul-14-25 15:19:02 PDT","Jun-14-26 15:19:02 PDT","Topographical Postcards","262042","","","New","","","","","","US","","",""
"205616064541",VTG Anchor Hocking Green Fire King Stackable Mug With Ribbed Base,,,"1","FIXED_PRICE","USD",8.75,,,8.75,"0","","","Jul-14-25 15:19:53 PDT","Jun-14-26 15:19:53 PDT","Mugs","262378","","","Used","","","","","","US","","",""
"205616065263",Cheese Burger Beach Walk Waikiki Hawaii Drink Cup Coin Bank,,,"1","FIXED_PRICE","USD",20.0,,,20.0,"0","","","Jul-14-25 15:20:44 PDT","Jun-14-26 15:20:44 PDT","Promotional","158419","","","","","","","","","US","","",""
"205616756824",Vtg Set Of 2 Solid Yellow Fire King Anchor Hocking Milk Glass Mugs,,Kitchenware,"1","FIXED_PRICE","USD",16.99,,,16.99,"0","1","","Jul-15-25 01:36:19 PDT","Jun-15-26 01:36:19 PDT","Mugs","262378","","","Used","","","","","","US","Does not apply","",""
"205616757958",Pokémon Lot Of Miscellaneous Items Including 25th Anniversary Lunchbox,,Toy Bin 1,"1","FIXED_PRICE","USD",29.99,,,29.99,"0","0","0","Jul-15-25 01:37:45 PDT","Jun-15-26 01:37:45 PDT","CCG Mixed Card Lots","183455","","","New","","","","","","US","","",""
"205620485766",VTG 1986 Carousel Monkey Feet Monster Paws Slippers Women’s Sz. 7 To Sz. 8 1/2,,Women’s Shoe Rack 1,"1","FIXED_PRICE","USD",16.99,,,16.99,"0","3","0","Jul-17-25 03:41:24 PDT","Jun-17-26 03:41:24 PDT","Slippers","11632","","","Pre-owned - Good","","","","","","US","","",""
"205620486661",NWT Perry Ellis Principles Front Cable Knit Sweater Mens XL Retail $70 NOS,,,"1","FIXED_PRICE","USD",18.0,,,18.0,"0","","","Jul-17-25 03:42:20 PDT","Jun-17-26 03:42:20 PDT","Sweaters","11484","","","New with tags","","","","","","US","093022860059","",""
"205620488022",VTG  1980’s Live Dress Wool And Cashmere Peacoat  Size 36 HTF Rare German Made,,,"1","FIXED_PRICE","USD",75.0,,,75.0,"0","","","Jul-17-25 03:43:49 PDT","Jun-17-26 03:43:49 PDT","Coats, Jackets & Vests","175783","","","","","","","","","US","","",""
"205620489517",Cheese Board Serving Tray With Handle Rustic And  Elegant Walnut 20in x 9in,,Bin C,"1","FIXED_PRICE","USD",24.0,,,24.0,"0","3","0","Jul-17-25 03:44:56 PDT","Jun-17-26 03:44:56 PDT","Cutting Boards","46282","","","Used","","","","","","US","","",""
"205620507920",Set Of 2 Bengal Tiger Lumbar Pillows Embroidered Stripes Green Tassels Rare HTF,,Bedding,"1","FIXED_PRICE","USD",60.0,,,60.0,"0","2","0","Jul-17-25 03:54:06 PDT","Jun-17-26 03:54:06 PDT","Pillows","20563","","","Pre-owned","","","","","","US","","",""
"205633325009","Vintage Bucilla Florentine Table Topper Embroidery 63344 40"" x 40"" Floral NIP",,,"1","FIXED_PRICE","USD",13.99,,,13.99,"0","1","","Jul-24-25 04:52:14 PDT","Jun-24-26 04:52:14 PDT","Other Hand Embroidery Kits","28142","","","New","","","","","","US","Does not apply","",""
"205640309473",VTG Mango Collection Footed Tray Three Compartments HTF,,Wooden Art,"1","FIXED_PRICE","USD",34.99,,,34.99,"0","","","Jul-28-25 09:48:37 PDT","May-28-26 09:48:37 PDT","Wood Items","108866","","","Used","","","","","","US","","",""
"205648191717",VTG Wood Pant Hangers Set of 6 Misc USA Made Gold Plated Walker + Chancellor,,,"1","FIXED_PRICE","USD",50.0,,,50.0,"0","","","Aug-01-25 22:49:55 PDT","Jun-01-26 22:49:55 PDT","Clothes Hangers","163606","","","","","","","","","US","","",""
"205653045734",Set of 2 VTG 1950s Jewelry Boxes Flocked Felt Silver Plated Dove Cameo Cases,,Decorative boxes,"1","FIXED_PRICE","USD",30.0,,,30.0,"0","1","0","Aug-04-25 18:22:11 PDT","Jun-04-26 18:22:11 PDT","Boxes, Jars & Tins","13837","","","Used","","","","","","US","","",""
"205653046869",Antonio Gates San Diego Chargers Jersey 2007 Reebok NFL Equipment White Men Sz S,,Sports,"1","FIXED_PRICE","USD",35.0,,,35.0,"0","5","0","Aug-04-25 18:23:18 PDT","Jun-04-26 18:23:18 PDT","Jerseys","86829","","","","","","","","","US","","",""
"205653048369",HTF Rare Berlin Wall Graffiti Tribute Magnetic Key Holder Iron Curtain 8x6 in.,,3-01,"1","FIXED_PRICE","USD",29.28,,,29.28,"0","","","Aug-04-25 18:24:53 PDT","Jun-04-26 18:24:53 PDT","Refrigerator Magnets","476","","","New","","","","","","US","","",""
"205655664696",Set Of 8 VTG Tiffin Francisca Olive Green Footed Glass Goblets EUC,,Vintage Drinkware,"1","FIXED_PRICE","USD",60.0,,,60.0,"0","7","0","Aug-06-25 04:11:13 PDT","Jun-06-26 04:11:13 PDT","Drinkware","262360","","","Used","","","","","","US","","",""
"205668991543",Polo Ralph Lauren Classic Fit Oxford Plaid Shirt Blue Red Multi Pony Mens S,,Men’s shirts,"1","FIXED_PRICE","USD",30.0,,,30.0,"0","2","0","Aug-12-25 22:48:28 PDT","Jun-12-26 22:48:28 PDT","Casual Button-Down Shirts","57990","","","Pre-owned - Excellent","","","","","","US","","",""
"205670492278",VTG Handmade Baby Quilt Blanket Pastel Appliqué Animals Crib Toddler 3 X 4 Ft,,,"1","FIXED_PRICE","USD",26.0,,,26.0,"0","0","0","Aug-13-25 17:13:02 PDT","Jun-13-26 17:13:02 PDT","Quilts & Coverlets","180908","","","Pre-owned","","","","","","US","","",""
"205677063686",Green Bay Packers Hoodie Camouflage Trim Black Sz L Double Hood Thumbholes,,,"1","FIXED_PRICE","USD",22.0,,,22.0,"0","","","Aug-17-25 12:10:39 PDT","Jun-17-26 12:10:39 PDT","Football-NFL","206","","","Used","","","","","","US","","",""
"205677469316",Tribe Alive Handmade Cotton Poncho One Size Cream Aqua Blue Striped Fringe,,Women’s clothing,"1","FIXED_PRICE","USD",26.0,,,26.0,"0","","","Aug-17-25 18:17:22 PDT","Jun-17-26 18:17:22 PDT","Coats, Jackets & Vests","63862","","","Pre-owned - Excellent","","","","","","US","","",""
"205680720331",Pier 1 Imports Global Medallion Stoneware Salad Plates Set of 6 8.5” Mandala,,Plates,"1","FIXED_PRICE","USD",70.0,,,70.0,"0","1","","Aug-19-25 10:43:01 PDT","Jun-19-26 10:43:01 PDT","Plates","262379","","","New other (see details)","","","","","","US","","",""
"205684988649",Coca Cola Embossed Glass Tumblers Set of 5 Libbey Era 6 Inch Clear w Green Tint,,,"1","FIXED_PRICE","USD",22.0,,,22.0,"0","","","Aug-21-25 20:46:18 PDT","Jun-21-26 20:46:18 PDT","Glasses","13606","","","Used","","","","","","US","","",""
"205686658073",Adidas St Francis Bulldogs Camo Hoodie Mens Large NWOT Brown Gold Pullover,,,"1","FIXED_PRICE","USD",32.99,,,32.99,"0","0","0","Aug-22-25 21:47:08 PDT","Jun-22-26 21:47:08 PDT","Hoodies & Sweatshirts","155183","","","New without tags","","","","","","US","","",""
"205710633585",VTG Green Jack O Lantern Pumpkin Candy Pail Bucket Halloween Excellent,,,"1","FIXED_PRICE","USD",19.99,,,19.99,"0","4","0","Sep-05-25 15:26:59 PDT","Jun-05-26 15:26:59 PDT","Other Holiday Collectibles","365","","","Used","","","","","","US","","",""
"205730649138",Royal Delft De Porceleyne Fles Plaque 1917-1946 Ship Relief Rare Form Holland,,,"1","FIXED_PRICE","USD",112.49,,,112.49,"0","1","0","Sep-16-25 20:57:47 PDT","Jun-16-26 20:57:47 PDT","Plaques & Signs","261626","","","Used","","","","","","US","","",""
"205733601824",VTG Franciscan Madeira 6.5” Bread Plates Set of 4 MCM Brown Green Made in USA,,,"1","FIXED_PRICE","USD",24.99,,,24.99,"0","7","0","Sep-18-25 11:36:16 PDT","Jun-18-26 11:36:16 PDT","Plates","262379","","","Used","","","","","","US","","",""
"205734349110","Carl Tielsch CT Altwasser Germany Gold Chrysanthemum 7.5"" Salad Plates Set of 6",,,"1","FIXED_PRICE","USD",120.0,,,120.0,"0","2","0","Sep-18-25 22:15:18 PDT","Jun-18-26 22:15:18 PDT","Plates","262379","","","Used","","","","","","US","","",""
"205741083275",VTG 1959 1963 GUND Disney Winnie the Pooh 24 Inch Metal Eyes Pre ZIP Tag EUC,,Pre-1968 Vintage Toys,"1","FIXED_PRICE","USD",150.0,,,150.0,"0","0","","Sep-22-25 22:56:28 PDT","Jun-22-26 22:56:28 PDT","Vintage","165956","","","Used","","","","","","US","","",""
"205741153467",Handmade Leather Belt Case Box with Foam Insert and Tool / Small Gun  Holster,,,"1","FIXED_PRICE","USD",45.0,,,45.0,"0","","","Sep-22-25 23:45:56 PDT","Jun-22-26 23:45:56 PDT","Tool Bags, Belts & Pouches","42362","","","Used","","","","","","US","","",""
"205742879870",Hand Painted Costa Rican Hardwood Tray Mandala Folk Art 14.25 Inch,,Folk art,"1","FIXED_PRICE","USD",35.0,,,35.0,"0","3","0","Sep-23-25 21:15:27 PDT","Jun-23-26 21:15:27 PDT","South America","165870","","","Used","","","","","","US","","",""
"205745069371",NWT Faded Glory Jeans Mens 42x30 Regular Fit Straight Leg 5 Pocket Blue Denim,,,"1","FIXED_PRICE","USD",20.0,,,20.0,"0","","","Sep-24-25 23:39:22 PDT","Jun-24-26 23:39:22 PDT","Jeans","11483","","","New with tags","","","","","","US","","",""
"205761874495",Nike SB Air Force 2 Low 76ers Suede Leather Uppers Red White Blue Mens  Size 9.5,,,"1","FIXED_PRICE","USD",145.0,,,145.0,"0","16","0","Oct-03-25 03:58:38 PDT","Jun-03-26 03:58:38 PDT","Athletic Shoes","15709","","","Pre-owned - Good","","","","","","US","00675911282199","",""
"205763920093",Set Of 5 Authentic Shenango China Brown Speckled Oval Plates 9.5 X 7.75 In.,,,"1","FIXED_PRICE","USD",59.99,,,59.99,"0","0","0","Oct-04-25 03:51:19 PDT","Jun-04-26 03:51:19 PDT","Plates","262379","","","Used","","","","","","US","","",""
"205765241527",VTG Set of 6 White Beaded Napkin Rings Three Rows Wrapped Wire,,Kitchenware,"1","FIXED_PRICE","USD",20.0,,,20.0,"0","","","Oct-04-25 19:55:46 PDT","Jun-04-26 19:55:46 PDT","Napkin Rings & Holders","20658","","","Pre-owned","","","","","","US","","",""
"205765403639",Antique French Field Or Opera Binoculars Leather Patina Central Focus 5 Inch,,,"1","FIXED_PRICE","USD",150.0,,,150.0,"0","","","Oct-04-25 21:52:13 PDT","Jun-04-26 21:52:13 PDT","Binoculars & Monoculars","83880","","","Used","","","","","","US","","",""
"205781862844",Harry Potter Gryffindor Alumni Backpack w/ Red Yellow Scarf Hogwarts 9 3/4,,,"1","FIXED_PRICE","USD",34.99,,,34.99,"0","","","Oct-12-25 21:08:30 PDT","Jun-12-26 21:08:30 PDT","Harry Potter","29798","","","Used","","","","","","US","","",""
"205784886123",Blanc Noir Taupe Down Puffer Vest Womens L Quilted Leather Trim Padded Gilet,,,"1","FIXED_PRICE","USD",50.0,,,50.0,"0","2","0","Oct-14-25 07:34:05 PDT","Jun-14-26 07:34:05 PDT","Coats, Jackets & Vests","63862","","","Pre-owned - Excellent","","","","","","US","","",""
"205824126385",OOAK Handmade Variegated Cardigan Womens L-XL Blue Green Cream Six Button Lovely,,,"1","FIXED_PRICE","USD",35.0,,,35.0,"0","1","0","Nov-03-25 08:28:05 PST","Jun-03-26 08:28:05 PDT","Sweaters","63866","","","Pre-owned - Excellent","","","","","","US","","",""
"205842940203",NOS Tignanello Genuine Leather Convertible Sling  Backpack Purse With Tags Rare,,,"1","FIXED_PRICE","USD",65.0,,,65.0,"0","5","0","Nov-12-25 03:32:12 PST","Jun-12-26 03:32:12 PDT","Women's Bags & Handbags","169291","","","New with tags","","","","","","US","","",""
"205865284564",Disney Pixar Parks Coco Hoodie Jacket X Large Blue Sugar Skull Full Zip,,Pop culture,"1","FIXED_PRICE","USD",38.0,,,38.0,"0","2","0","Nov-21-25 21:23:51 PST","Jun-21-26 21:23:51 PDT","Coats, Jackets, Outerwear","35840","","","Used","","","","","","US","","",""
"205889982207","Hand Carved Alabaster Stone Bust Native American Style Chief Sculpture 6""",,,"1","FIXED_PRICE","USD",46.0,,,46.0,"0","2","0","Dec-01-25 18:02:10 PST","Jun-01-26 18:02:10 PDT","Sculptures","13763","","","Used","","","","","","US","","",""
"205893726909",African Elephant Metal Art Decor Figurine Painted Tin Colorful Zimbabwe,,,"1","FIXED_PRICE","USD",28.0,,,28.0,"0","1","0","Dec-03-25 01:39:42 PST","Jun-03-26 01:39:42 PDT","Figures & Sculptures","29441","","","Used","","","","","","US","","",""
"205895929041",VTG Baileys Irish Cream Pedestal Mugs Set of 2 Celtic Knot EUC,,,"1","FIXED_PRICE","USD",16.95,,,16.95,"0","","","Dec-03-25 20:44:38 PST","Jun-03-26 20:44:38 PDT","Other Vintage US Beer Glasses","3921","","","Used","","","","","","US","","",""
"205899901671",NWT REECHO 18 Inch Synthetic Hair Bun Extension Icee Medium Warm Brown,,,"1","FIXED_PRICE","USD",24.99,,,24.99,"0","","","Dec-05-25 12:11:54 PST","Jun-05-26 12:11:54 PDT","Hair Extensions","175636","","","New with tags","","","","","","US","","",""
"205910055709",Pfaltzgraff Vickie Hanson 3 Qt Covered Casserole Hand Painted Floral Ceramic,,,"1","FIXED_PRICE","USD",35.0,,,35.0,"0","0","","Dec-09-25 16:14:55 PST","Jun-09-26 16:14:55 PDT","Casseroles","262369","","","Used","","","","","","US","Does not apply","",""
"205910057930",The Territory Ahead Mens L Shirt Short Sleeve Cotton Tan Stripe Made in India,,,"1","FIXED_PRICE","USD",23.0,,,23.0,"0","","","Dec-09-25 16:16:02 PST","Jun-09-26 16:16:02 PDT","Casual Button-Down Shirts","57990","","","Pre-owned - Good","","","","","","US","","",""
"205910060199","Fused Glass Birds On Branch Suncatcher Cardinal, Goldfinch, Bluebird Six Inches",,Art Glass,"1","FIXED_PRICE","USD",16.99,,,16.99,"0","3","0","Dec-09-25 16:17:42 PST","Jun-09-26 16:17:42 PDT","Suncatchers & Mobiles","20578","","","Used","","","","","","US","","",""
"205910062131",VTG Set Of 2 Oversized Apple And Pear Ceramic Sculptures,,Porcelain and ceramics,"1","FIXED_PRICE","USD",25.0,,,25.0,"0","","","Dec-09-25 16:18:47 PST","Jun-09-26 16:18:47 PDT","Decorative Fruit & Vegetables","36018","","","Used","","","","","","US","","",""
"205910072424",VTG Handmade Tidings & Tales Quilt 56x56 Reversible Crown Print HTF Fables,,Bedding,"1","FIXED_PRICE","USD",75.0,,,75.0,"0","1","0","Dec-09-25 16:26:43 PST","Jun-09-26 16:26:43 PDT","Quilts, Bedspreads & Coverlets","261725","","","Pre-owned","","","","","","US","","",""
"205910852571",Disney Classic Pooh Framed Print Friends Just Seem To Happen Along 11x8,,,"1","FIXED_PRICE","USD",25.0,,,25.0,"0","","","Dec-09-25 23:33:33 PST","Jun-09-26 23:33:33 PDT","Posters, Prints & Lithos","144","","","Used","","","","","","US","","",""
"205916444997",Red Fuzzy Knit Eyelash Yarn Beanie Hat Handmade,,,"1","FIXED_PRICE","USD",19.99,,,19.99,"0","","","Dec-12-25 00:58:24 PST","Jun-12-26 00:58:24 PDT","Hats","45230","","","Pre-owned - Excellent","","","","","","US","","",""
"205918096494",Antique 1910s Deans Rag Book Gee-Gee Cloth Book Farm Pets London Collectible,,,"1","FIXED_PRICE","USD",200.0,,,200.0,"0","1","","Dec-12-25 20:33:51 PST","Jun-12-26 20:33:51 PDT","Antiquarian & Collectible","29223","","","","","","","","","US","","",""
"205918157461",VTG Lamborghini Countach Wall Art Print Gary Pesnell 1984 20x16,,,"1","FIXED_PRICE","USD",59.99,,,59.99,"0","0","0","Dec-12-25 22:12:56 PST","Jun-12-26 22:12:56 PDT","Art Prints","360","","","Used","","","","","","US","","",""
"205918335171",Chrome Bulldog Figurine Silver Tone Sitting Dog Desk Decor,,,"1","FIXED_PRICE","USD",24.99,,,24.99,"0","0","0","Dec-13-25 00:57:27 PST","Jun-13-26 00:57:27 PDT","Bulldog, English Bulldog","10831","","","Used","","","","","","US","","",""
"205919731467",Indian Style Decorative Figurine Woman in Traditional Dress 7 Inch,,Handmade Figurines and Doll Bin,"1","FIXED_PRICE","USD",25.0,,,25.0,"0","","","Dec-14-25 00:58:38 PST","Jun-14-26 00:58:38 PDT","Sculptures & Figurines","261628","","","Used","","","","","","US","","",""
"205923515785",Vera Bradley Priscilla Pink Porcelain Coffee/Tea Mug Cup With Matching Lid,,,"1","FIXED_PRICE","USD",10.0,,,10.0,"0","2","0","Dec-15-25 17:07:41 PST","Jun-15-26 17:07:41 PDT","Mugs","261672","","","Used","","","","","","US","","",""
"205926398150",VTG Rustic Live Edge Wood Bud Vases Farmhouse Decor Set Of 2 Handmade,,,"1","FIXED_PRICE","USD",45.0,,,45.0,"0","0","","Dec-16-25 22:18:37 PST","Jun-16-26 22:18:37 PDT","Vases","101415","","","Used","","","","","","US","","",""
"205926582566",Lolita Hand Painted Wine Glasses Set Flirt Happy Birthday Girl Recipe Bottom,,,"1","FIXED_PRICE","USD",30.0,,,30.0,"0","","","Dec-17-25 00:27:28 PST","Jun-17-26 00:27:28 PDT","Glassware & Drinkware","20696","","","Used","","","","","","US","","",""
"205926898769",VTG Austin Productions Nude Embrace Sculpture 21 Inch 1981,,Art Shelf,"1","FIXED_PRICE","USD",90.0,,,90.0,"0","","","Dec-17-25 03:28:50 PST","Jun-17-26 03:28:50 PDT","Art Sculptures","553","","","Used","","","","","","US","","",""
"205931261171",Studio Nova Applique Green White Vegetable Bowl 9.5 Inch,,,"1","FIXED_PRICE","USD",12.99,,,12.99,"0","","","Dec-18-25 19:15:21 PST","Jun-18-26 19:15:21 PDT","Bowls","262366","","","Used","","","","","","US","","",""
"205931292790",Set of 3 Studio Nova Applique Y0251 Green White Salad Plates 8 Inch,,,"1","FIXED_PRICE","USD",24.99,,,24.99,"0","","","Dec-18-25 19:33:00 PST","Jun-18-26 19:33:00 PDT","Plates","262379","","","Used","","","","","","US","","",""
"205933862458",Braided Leather Belt Pewter Buckle Dancing Couple Mens 38 (34-36” Waist),,,"1","FIXED_PRICE","USD",40.0,,,40.0,"0","","","Dec-19-25 19:14:11 PST","Jun-19-26 19:14:11 PDT","Belts","2993","","","Pre-owned - Good","","","","","","US","","",""
"205936416649",VTG Cast Art Industries Creepy Frazzled Nurse Figurine Holding Baby 1993,,,"1","FIXED_PRICE","USD",22.0,,,22.0,"0","2","0","Dec-20-25 20:30:02 PST","Jun-20-26 20:30:02 PDT","Sculptures & Figurines","261628","","","Used","","","","","","US","","",""
"205939552945",Set of 5 Studio Nova Applique Y0251 Bread Dessert Plates 6.25 Inches,,,"1","FIXED_PRICE","USD",20.0,,,20.0,"0","","","Dec-22-25 01:40:15 PST","Jun-22-26 01:40:15 PDT","Plates","262379","","","Used","","","","","","US","","",""
"205941964401",Set of 6 Studio Nova Applique Y0251 Rimmed Soup Bowls Green White 9 Inches,,,"1","FIXED_PRICE","USD",60.0,,,60.0,"0","0","","Dec-23-25 01:31:52 PST","Jun-23-26 01:31:52 PDT","Bowls","262366","","","Used","","","","","","US","Does Not Apply","",""
"205943377774",Amali Mens Size 14 Royal Purple Suede Loafers Studded Rhinestone Tassel Shoes,,,"1","FIXED_PRICE","USD",67.5,,,67.5,"0","","","Dec-23-25 15:50:07 PST","Jun-23-26 15:50:07 PDT","Dress Shoes","53120","","","Pre-owned - Excellent","","","","","","US","","",""
"205943962543",VTG Masters of the Universe He Man Golden Frame Tray Puzzle 1984 Mattel,,,"1","FIXED_PRICE","USD",14.0,,,14.0,"0","1","0","Dec-23-25 22:01:50 PST","Jun-23-26 22:01:50 PDT","Tray","158751","","","Used","","","","","","US","","",""
"205949342201",Set Of 2 VTG Florida Themed Mini Mugs Amber Glass Wood Brass 2.5 Inch,,,"1","FIXED_PRICE","USD",24.99,,,24.99,"0","","","Dec-26-25 03:06:43 PST","Jun-26-26 03:06:43 PDT","Florida","165811","","","Used","","","","","","US","","",""
"205952083844",VTG Pair Of Owl Figural Cufflinks Gold Tone Silver Tone Mid Century,,,"1","FIXED_PRICE","USD",30.0,,,30.0,"0","","","Dec-27-25 05:53:27 PST","Jun-27-26 05:53:27 PDT","Cufflinks","137843","","","Pre-owned - Good","","","","","","US","","",""
"205954272200",David Jones Paris Black Pebbled Tote Shoulder Bag Polyurethane 17x13,,,"1","FIXED_PRICE","USD",26.99,,,26.99,"0","","","Dec-28-25 04:41:21 PST","May-28-26 04:41:21 PDT","Women's Bags & Handbags","169291","","","Pre-owned - Good","","","","","","US","","",""
"205954297533",Pfaltzgraff Naturewood Bowls Set Of 5 1 Large Serving Bowl 4 Cereal Bowls,,,"1","FIXED_PRICE","USD",45.0,,,45.0,"0","","","Dec-28-25 04:52:16 PST","May-28-26 04:52:16 PDT","Bowls","262366","","","Used","","","","","","US","","",""
"205956314276",VTG 90s ChereSkin Genuine Leather Vest Mens XL Tan Brown Button Front NOS,,Men’s vintage,"1","FIXED_PRICE","USD",60.0,,,60.0,"0","3","0","Dec-29-25 00:00:23 PST","May-29-26 00:00:23 PDT","Coats, Jackets & Vests","57988","","","New with tags","","","","","","US","","",""
"205971822436",VTG Swank Mother of Pearl/Abalone Silver Tone Cufflinks Set Of 5,,,"1","FIXED_PRICE","USD",46.0,,,46.0,"0","1","0","Jan-04-26 07:28:33 PST","Jun-04-26 07:28:33 PDT","Cufflinks","137843","","","Pre-owned - Excellent","","","","","","US","","",""
"205978663338",VTG Pendleton Board Shirt 1960s Virgin Wool USA Loop Collar Sz Large,,,"1","FIXED_PRICE","USD",100.0,,,100.0,"0","6","0","Jan-06-26 23:57:36 PST","Jun-06-26 23:57:36 PDT","Casual Button-Down Shirts","57990","","","Pre-owned - Excellent","","","","","","US","","",""
"205983779651",Makers Mark SIV Leather Wrapped Rocks Glass Tumblers Set Of 3 Excellent,,,"1","FIXED_PRICE","USD",29.99,,,29.99,"0","0","0","Jan-08-26 21:00:53 PST","Jun-08-26 21:00:53 PDT","Glasses","35659","","","Used","","","","","","US","","",""
"205987659940",VTG Green Bay Packers Silk Necktie Official NFL Ridell Licensed EUC,,,"1","FIXED_PRICE","USD",20.0,,,20.0,"0","0","0","Jan-10-26 01:15:10 PST","Jun-10-26 01:15:10 PDT","Football-NFL","206","","","Used","","","","","","US","","",""
"205989503381",VTG 1970s Gold Tone Door Knocker Cuff Links,,,"1","FIXED_PRICE","USD",22.0,,,22.0,"0","0","0","Jan-10-26 18:11:37 PST","Jun-10-26 18:11:37 PDT","Other Vintage & Antique Jewelry","166734","","","Pre-owned","","","","","","US","","",""
"205990055265",NWT Royal Highness Equestrian Lilac Check Short Sleeve Show Shirt Womens 44,,,"1","FIXED_PRICE","USD",49.99,,,49.99,"0","1","0","Jan-11-26 00:25:14 PST","Jun-11-26 00:25:14 PDT","English Show Shirts","183369","","","New with tags","","","","","","US","","",""
"205990124995",RJ Wild Horses Run 100% Cotton Tapestry Forest Mountain scene 51.5 x 33.5 EU,,,"1","FIXED_PRICE","USD",75.0,,,75.0,"0","","","Jan-11-26 00:58:27 PST","Jun-11-26 00:58:27 PDT","Tapestries","38237","","","Used","","","","","","US","","",""
"205992902129",Pair Of Attwood Bi Color Boat Pole Task Lights 10” 12 Volt 3 Pin 5095107 Sealed,,,"1","FIXED_PRICE","USD",45.0,,,45.0,"0","0","0","Jan-12-26 00:24:07 PST","Jun-12-26 00:24:07 PDT","Electrical & Lighting","50437","","","New","","","","","","US","022697951076","",""
"206030051971",VTG Goldrock African Leather Craft Golf Bag Sheath With Letter Opener,,,"1","FIXED_PRICE","USD",41.24,,,41.24,"0","","","Jan-27-26 05:19:43 PST","Jun-27-26 05:19:43 PDT","Golf","428","","","Used","","","","","","US","","",""
"206043468023",VTG Billabong Pinstripe Fanny Pack  Waist Bag Adjustable Rare Design,,,"1","FIXED_PRICE","USD",45.0,,,45.0,"0","2","0","Feb-01-26 21:51:40 PST","Jun-01-26 21:51:40 PDT","Bags","52357","","","Pre-owned - Excellent","","","","","","US","","",""
"206045443535",VTG Sculptural Metal Glass Vanity Mirror Abstract Tabletop Art Deco 14 Inch,,,"1","FIXED_PRICE","USD",155.0,,,155.0,"0","2","0","Feb-02-26 18:52:14 PST","Jun-02-26 18:52:14 PDT","Mirrors","20580","","","Used","","","","","","US","","",""
"206046988796","3D Printed Peace Sign Hand Sculpture Chameleon Color Shift Paint 5""",,,"1","FIXED_PRICE","USD",26.0,,,26.0,"0","1","0","Feb-03-26 10:43:48 PST","Jun-03-26 10:43:48 PDT","Sculptures & Figurines","261628","","","New other (see details)","","","","","","US","","",""
"206048416809",Brighton Silver Gold Tone Beaded Snake Chain Necklace 18in,,,"1","FIXED_PRICE","USD",30.0,,,30.0,"0","3","0","Feb-04-26 02:47:56 PST","Jun-04-26 02:47:56 PDT","Necklaces & Pendants","155101","","","Pre-owned","","","","","","US","","",""
"206050524020",Rockport XCS Brown Nubuck Leather Trail Walking Shoes Rubber Toe Guard Mens 7.5,,,"1","FIXED_PRICE","USD",49.99,,,49.99,"0","","","Feb-05-26 02:15:47 PST","Jun-05-26 02:15:47 PDT","Casual Shoes","24087","","","New without box","","","","","","US","","",""
"206086076755",Black With Yellow Interior Ceramic Mugs With Slotted Utensil Handles Set Of 2,,,"1","FIXED_PRICE","USD",22.0,,,22.0,"0","","","Feb-21-26 21:55:23 PST","Jun-21-26 21:55:23 PDT","Mugs","20695","","","Used","","","","","","US","","",""
"206150554693",Carved Travertine Stone Bowl Brown Round 5 Inch,,,"1","FIXED_PRICE","USD",81.7,,,81.7,"0","1","0","Mar-18-26 23:18:03 PDT","Jun-18-26 23:18:03 PDT","Decorative Plates & Bowls","36019","","","Used","","","","","","US","","",""
"206162913191",VTG Italian Ricordo Di Pompei Floral Religious Shell Souvenir Madonna Child 4in,,,"1","FIXED_PRICE","USD",30.0,,,30.0,"0","","","Mar-23-26 22:54:56 PDT","Jun-23-26 22:54:56 PDT","Statues & Figures","13771","","","Used","","","","","","US","","",""
"206163162921",Founders Club Mens M Pullover Windshirt Blue Black Adjustable Waist 1/2 Zip NWOT,,,"1","FIXED_PRICE","USD",30.0,,,30.0,"0","","","Mar-24-26 01:33:51 PDT","Jun-24-26 01:33:51 PDT","Coats, Jackets & Vests","181134","","","New without tags","","","","","","US","","",""
"206175074670",Lot Of 3 Ozark Trail 18 Oz Flip Straw Lid 2 Electric Blue 1 Black New,,,"1","FIXED_PRICE","USD",25.0,,,25.0,"0","","","Mar-29-26 01:15:49 PDT","May-29-26 01:15:49 PDT","Canteens, Bottles & Flasks","181408","","","New","","","","","","US","","",""
"206185546198",Set Of 2 VTG Miller Studio Matador Wall Plaques Copper Tone 1960s 16.75 In,,,"1","FIXED_PRICE","USD",39.99,,,39.99,"0","","","Apr-02-26 13:21:47 PDT","Jun-02-26 13:21:47 PDT","1960s","69854","","","Used","","","","","","US","","",""
"206185569693",VTG 1996 Space Jam Plush Lot Bugs Bunny Monstar McDonalds Warner Bros,,,"1","FIXED_PRICE","USD",20.0,,,20.0,"0","","","Apr-02-26 13:36:15 PDT","Jun-02-26 13:36:15 PDT","Other Animation Merchandise","69528","","","Used","","","","","","US","","",""
"206195207330",Black Forest Decor Bear Tree Lamp With Bear Desktop Caddy Holder,,,"1","FIXED_PRICE","USD",40.0,,,40.0,"0","1","0","Apr-07-26 03:10:51 PDT","Jun-07-26 03:10:51 PDT","Bears","29435","","","Used","","","","","","US","","",""
"206195211332",VTG Copper Pot Stainless Steel Lined Bail Handle Rectangular Feet 5.25 Inch,,,"1","FIXED_PRICE","USD",45.0,,,45.0,"0","","","Apr-07-26 03:16:19 PDT","Jun-07-26 03:16:19 PDT","Copper","1433","","","Used","","","","","","US","","",""
"206195539720",NWOT Colorblock Leather Long Elbow Gloves Pink Green Burgundy Red Womens 15 Inch,,,"1","FIXED_PRICE","USD",36.99,,,36.99,"0","0","0","Apr-07-26 06:39:39 PDT","Jun-07-26 06:39:39 PDT","Gloves & Mittens","105559","","","New without tags","","","","","","US","","",""
"206199046835",VTG BlackJack 1999 Hooded Windbreaker Jacket Colorblock Red White Black L EUC,,,"1","FIXED_PRICE","USD",35.0,,,35.0,"0","","","Apr-08-26 23:46:03 PDT","Jun-08-26 23:46:03 PDT","Coats, Jackets & Vests","57988","","","Pre-owned - Excellent","","","","","","US","","",""
"206199365427",Star Wars Uncle Milton Luke Skywalker Edition Lightsaber Room Light - Green -New,,,"1","FIXED_PRICE","USD",20.69,,,20.69,"0","1","0","Apr-09-26 03:08:09 PDT","Jun-09-26 03:08:09 PDT","Other Star Wars Collectibles","154","","","Used","","","","","","US","","",""
"206201257059",Edna St Vincent Millay 1928 1929 A Few Figs From Thistles Harp Weaver Set 2 VTG,,,"1","FIXED_PRICE","USD",54.99,,,54.99,"0","","","Apr-09-26 23:53:18 PDT","Jun-09-26 23:53:18 PDT","Antiquarian & Collectible","29223","","","","","","","","","US","","",""
"206203382053",Alicedudu Smiley Face Fuzzy Knit Hoodie Sweater Beige Green Womens S,,,"1","FIXED_PRICE","USD",30.0,,,30.0,"0","","","Apr-11-26 00:01:33 PDT","Jun-11-26 00:01:33 PDT","Hoodies & Sweatshirts","155226","","","Pre-owned - Good","","","","","","US","","",""
"206221282040",Velero Mens L Blue Sailboat Print Slim Fit Short Sleeve Button Up Shirt,,,"1","FIXED_PRICE","USD",15.0,,,15.0,"0","","","Apr-19-26 23:14:40 PDT","Jun-19-26 23:14:40 PDT","Casual Button-Down Shirts","57990","","","Pre-owned - Excellent","","","","","","US","","",""
"206225381543",Wahl Hot Cold Therapy Massager 4295 400 7 Attachments Case Manual New Open Box,,,"1","FIXED_PRICE","USD",29.99,,,29.99,"0","","","Apr-22-26 00:19:07 PDT","Jun-22-26 00:19:07 PDT","Massagers","36449","","","Open box","","","","","","US","043917429557","",""
"206243762819",VTG OGGI Red Ceramic Canister Set 4pc Airtight Spooner Clamp Lid Kitchen Jars,,,"1","FIXED_PRICE","USD",42.99,,,42.99,"0","3","0","Apr-30-26 21:27:19 PDT","May-30-26 21:27:19 PDT","Canisters & Jars","261688","","","Used","","","","","","US","","",""
"206254737363","Amy Bradley Barnyard Skyscraper Finished Quilt Wall Hanging 41.25""x21.5""",,,"1","FIXED_PRICE","USD",115.0,,,115.0,"0","","","May-05-26 16:50:21 PDT","Jun-05-26 16:50:21 PDT","Quilts","116649","","","Used","","","","","","US","","",""
"206257930452",VTG Balinese Om Mirror Hand Carved Wood 15.5” Gold Crackle Indonesian Folk Art,,,"1","FIXED_PRICE","USD",60.0,,,60.0,"0","","","May-07-26 02:14:54 PDT","Jun-07-26 02:14:54 PDT","Indonesian","13738","","","Used","","","","","","US","","",""
"206261438484",Vtg MCM Handcrafted Pencil Reed Rattan Clipped Corner Tray Crespi Style 15.5 In.,,,"1","FIXED_PRICE","USD",36.0,,,36.0,"0","","","May-08-26 08:20:14 PDT","Jun-08-26 08:20:14 PDT","Trays","68671","","","Used","","","","","","US","","",""
"206265457673","VTG Cizhou Kiln Sgraffito Peony Bud Vase 7"" Stoneware Black Cream MCM Asian",,,"1","FIXED_PRICE","USD",65.0,,,65.0,"0","1","0","May-10-26 09:24:51 PDT","Jun-10-26 09:24:51 PDT","Vases","262408","","","Used","","","","","","US","","",""
"206271227954",VTG Sasaki Harmony Azure Blue Wine Water Goblets Clear Stem Japan Set of 8,,,"1","FIXED_PRICE","USD",70.0,,,70.0,"0","","","May-13-26 00:51:26 PDT","Jun-13-26 00:51:26 PDT","Drinkware","262360","","","Used","","","","","","US","","",""
"206271279080",NOS Bestop Supertop Ultra Lift Assist Struts & Brackets Jeep JK 2007-2018,,,"1","FIXED_PRICE","USD",199.95,,,199.95,"0","1","0","May-13-26 01:14:38 PDT","Jun-13-26 01:14:38 PDT","Convertible Tops & Parts","262170","","","New other (see details)","","","","","","US","","",""
"206271320058",VTG Handmade Cashmere Scarf Shawl Saree Tapestry 70x26 in,,,"1","FIXED_PRICE","USD",29.99,,,29.99,"0","","","May-13-26 01:48:30 PDT","Jun-13-26 01:48:30 PDT","Scarves & Wraps","45238","","","Pre-owned - Good","","","","","","US","","",""
"206271325389",Disney Junior Art Pop Mickey Mouse Toddler Blanket 48x36 in. Blue Fleece Throw,,Bedding,"1","FIXED_PRICE","USD",34.75,,,34.75,"0","","","May-13-26 01:49:55 PDT","Jun-13-26 01:49:55 PDT","Blankets & Throws","3081","","","Pre-owned","","","","","","US","","",""
"206271328495",Blue Merrell Mountains Tee Sz Men’s Medium,,Men’s clothing rack,"1","FIXED_PRICE","USD",20.0,,,20.0,"0","","","May-13-26 01:50:57 PDT","Jun-13-26 01:50:57 PDT","T-Shirts","15687","","","Pre-owned - Excellent","","","","","","US","","",""
"206273731002",Vtg Dolly Madison 6 Qt Electric Ice Cream Maker 2399 Texture Meter With Manuals,,,"1","FIXED_PRICE","USD",100.0,,,100.0,"0","3","0","May-14-26 01:43:31 PDT","Jun-14-26 01:43:31 PDT","Ice Cream & Frozen Yoghurt Makers","20676","","","Used","","","","","","US","","",""
"206274271606",Paris Eiffel Tower Wall Tapestry Pink Cherry Blossom Romantic Couple 60x51 in,,,"1","FIXED_PRICE","USD",20.0,,,20.0,"0","","","May-14-26 05:39:25 PDT","Jun-14-26 05:39:25 PDT","Tapestries","38237","","","Used","","","","","","US","","",""
"206275719252",VTG Mansfield Holiday II 8mm Movie Camera | 3-Lens Turret Working Motor,,,"1","FIXED_PRICE","USD",59.0,,,59.0,"0","","","May-14-26 21:58:43 PDT","Jun-14-26 21:58:43 PDT","Movie Cameras","11719","","","","","","","","","US","","",""
"206277744031",Vintage NyForm Troll 261 Mother Child Grandmother Norway Folk Art Figure Sticker,,,"1","FIXED_PRICE","USD",64.99,,,64.99,"0","","","May-15-26 21:53:10 PDT","Jun-15-26 21:53:10 PDT","Elves, Gnomes, Pixies","99962","","","Used","","","","","","US","","",""
"206279660682",Stuart Weitzman Women Sz 8 M Loafers Python Snakeskin Print Bow Flats Spain NWOB,,,"1","FIXED_PRICE","USD",125.0,,,125.0,"0","","","May-16-26 20:01:59 PDT","Jun-16-26 20:01:59 PDT","Flats","45333","","","New without box","","","","","","US","","",""
"206286721875",SAS Free Time Womens Size 10 M Mocha Leather Tripad Comfort Walking Shoes USA,,,"1","FIXED_PRICE","USD",45.0,,,45.0,"0","","","May-20-26 04:06:37 PDT","Jun-20-26 04:06:37 PDT","Comfort Shoes","53548","","","Pre-owned - Good","","","","","","US","","",""
"206301481037",Pass~Port Fountain RPET Hat Black Recycled Polyester Embroidered Cap Strapback,,,"1","FIXED_PRICE","USD",45.0,,,45.0,"0","","","May-26-26 17:23:07 PDT","Jun-26-26 17:23:07 PDT","Hats","52365","","","Pre-owned - Excellent","","","","","","US","","",""